Strain,Strain_rate,Stress,Temperature
0.62691,0.01,285.284,1123.15
0.35896,1.0,462.752,1173.15
0.85508,0.5,262.416,1293.15
0.62093,0.1,471.002,1123.15
0.31472,1.0,208.552,1373.15
0.6109,0.01,288.942,1123.15
0.61497,1.0,205.162,1373.15
0.83893,0.01,252.34,1123.15
0.48894,0.5,166.406,1423.15
0.14902,0.01,323.104,1173.15
0.13297,0.01,189.02,1223.15
0.80492,1.0,228.962,1323.15
0.58512,0.5,253.362,1293.15
0.27485,1.0,477.292,1173.15
0.31322,1.0,589.898,1073.15
0.8391,0.01,248.946,1173.15
0.71687,0.5,378.61,1173.15
0.23891,1.0,283.108,1273.15
0.13675,0.5,570.298,1123.15
0.44722,0.1,248.46,1223.15
0.79702,0.01,114.418,1273.15
0.26488,0.01,188.28,1223.15
0.58906,0.01,62.6028,1423.15
0.13481,1.0,493.49,1173.15
0.37897,0.5,228.8,1323.15
0.23316,1.0,283.872,1273.15
0.83112,0.5,278.668,1273.15
0.69079,1.0,438.488,1073.15
0.30913,0.1,175.092,1273.15
0.72895,1.0,389.814,1173.15
0.66475,1.0,271.31,1273.15
0.18481,1.0,489.182,1173.15
0.88473,0.1,104.236,1423.15
0.38691,0.01,350.358,1123.15
0.47459,0.1,246.332,1223.15
0.77302,0.5,227.754,1323.15
0.43875,1.0,175.204,1423.15
0.39515,0.01,134.956,1273.15
0.72505,1.0,313.94,1223.15
0.28505,1.0,240.066,1323.15
0.48721,0.01,102.272,1323.15
0.4109,0.5,514.274,1123.15
0.40298,0.01,344.79,1123.15
0.28879,1.0,208.09,1373.15
0.3549,0.5,194.404,1373.15
0.18708,0.01,93.078,1373.15
0.12504,0.01,104.492,1323.15
0.75487,0.01,71.4386,1373.15
0.89882,0.01,58.1138,1423.15
0.41698,1.0,175.618,1423.15
0.82696,0.5,195.956,1373.15
0.34283,0.5,163.556,1423.15
0.26699,0.1,153.758,1323.15
0.52919,0.5,333.78,1223.15
0.53086,0.5,253.992,1293.15
0.53868,0.1,145.394,1323.15
0.61836,0.5,273.596,1273.15
0.655,0.01,93.4086,1323.15
0.71105,1.0,436.574,1073.15
0.44313,0.1,248.418,1223.15
0.54881,0.1,347.744,1173.15
0.76118,0.1,134.336,1323.15
0.18908,1.0,354.742,1223.15
0.86726,0.01,58.4028,1423.15
0.80683,1.0,262.8,1273.15
0.22304,0.5,187.58,1373.15
0.15302,0.5,462.578,1173.15
0.57484,1.0,172.784,1423.15
0.45713,0.01,286.976,1173.15
0.89308,0.01,68.791,1373.15
0.6268,0.1,239.336,1223.15
0.79481,0.01,70.4876,1373.15
0.15321,0.5,289.708,1273.15
0.83713,0.1,233.684,1223.15
0.53683,1.0,208.26,1373.15
0.78917,0.5,324.32,1223.15
0.49703,0.5,197.838,1373.15
0.2311,0.01,109.906,1323.15
0.86489,0.5,194.57,1373.15
0.63487,0.5,162.308,1423.15
0.56718,1.0,208.184,1373.15
0.84301,0.1,105.412,1423.15
0.86716,0.01,68.9492,1373.15
0.61497,0.01,95.5634,1323.15
0.6189,0.1,471.828,1123.15
0.59073,1.0,238.274,1323.15
0.31504,0.1,174.98,1273.15
0.69498,0.01,156.906,1223.15
0.56706,0.01,123.928,1273.15
0.45324,1.0,209.83,1373.15
0.511,0.5,255.996,1293.15
0.13498,0.01,190.052,1223.15
0.4872,0.1,168.408,1273.15
0.74316,1.0,168.32,1423.15
0.45098,0.5,198.63,1373.15
0.41524,0.5,339.292,1223.15
0.45505,0.1,517.036,1123.15
0.42897,1.0,210.028,1373.15
0.66509,1.0,397.608,1173.15
0.79708,1.0,229.09,1323.15
0.40498,0.5,262.276,1293.15
0.38101,0.5,165.012,1423.15
0.32885,0.01,89.966,1373.15
0.90903,0.01,111.984,1273.15
0.43692,0.1,121.482,1423.15
0.631,1.0,449.654,1073.15
0.65496,0.1,330.436,1173.15
0.78887,0.01,259.184,1123.15
0.25676,1.0,207.058,1373.15
0.2628,0.01,93.3746,1373.15
0.16927,0.5,262.212,1293.15
0.57918,0.5,331.914,1223.15
0.80698,0.5,375.226,1173.15
0.44513,0.5,284.008,1273.15
0.74713,0.5,459.278,1123.15
0.68304,0.5,198.072,1373.15
0.26291,0.1,257.01,1223.15
0.27078,1.0,286.332,1273.15
0.87504,0.5,462.996,1123.15
0.90098,0.1,428.296,1123.15
0.71724,0.01,72.3604,1373.15
0.41283,0.1,123.156,1423.15
0.6592,1.0,170.816,1423.15
0.52533,0.1,351.922,1173.15
0.12692,1.0,224.816,1323.15
0.25303,0.5,223.044,1323.15
0.32289,0.5,163.11,1423.15
0.75753,0.5,164.096,1423.15
0.2028,0.5,455.938,1173.15
0.41917,1.0,210.15,1373.15
0.37292,0.01,352.47,1123.15
0.50498,0.01,279.474,1173.15
0.17302,0.01,92.9078,1373.15
0.18511,0.01,188.822,1223.15
0.42882,1.0,174.862,1423.15
0.88692,0.5,286.976,1273.15
0.73112,0.5,229.624,1323.15
0.65912,0.5,327.91,1223.15
0.49123,1.0,209.776,1373.15
0.66296,0.1,236.796,1223.15
0.46524,0.5,335.92,1223.15
0.74504,0.1,152.962,1273.15
0.1349,0.1,594.772,1123.15
0.70896,0.1,109.856,1423.15
0.74085,0.01,116.782,1273.15
0.82876,0.5,325.716,1223.15
0.81901,1.0,426.712,1073.15
0.83862,0.1,437.13,1123.15
0.64311,0.01,61.4176,1423.15
0.83488,0.1,437.848,1123.15
0.19911,1.0,488.44,1173.15
0.64481,0.5,251.518,1293.15
0.63532,0.5,230.988,1323.15
0.4449,1.0,343.092,1223.15
0.36291,0.01,301.572,1173.15
0.26096,0.5,445.444,1173.15
0.34283,0.01,138.182,1273.15
0.24717,0.5,266.896,1293.15
0.46911,0.01,65.7152,1423.15
0.12526,1.0,653.914,1073.15
0.21716,0.01,188.396,1223.15
0.34091,0.01,89.6422,1373.15
0.44485,0.01,133.024,1273.15
0.22518,1.0,356.686,1223.15
0.90111,0.01,245.214,1173.15
0.25313,1.0,172.346,1423.15
0.46877,0.5,335.212,1223.15
0.18722,0.1,417.974,1173.15
0.36892,0.01,87.5792,1373.15
0.87102,0.5,264.042,1293.15
0.40716,1.0,543.12,1073.15
0.54498,0.5,278.026,1273.15
0.2132,1.0,634.076,1073.15
0.39876,1.0,243.472,1323.15
0.13697,0.1,160.35,1273.15
0.33525,0.1,394.308,1173.15
0.57676,0.5,275.478,1273.15
0.1708,1.0,166.418,1423.15
0.78303,0.01,58.8842,1423.15
0.83107,1.0,425.646,1073.15
0.83277,0.01,248.47,1173.15
0.4369,0.01,334.278,1123.15
0.53114,0.5,481.642,1123.15
0.75698,0.5,227.27,1323.15
0.67708,0.5,250.854,1293.15
0.23517,1.0,170.118,1423.15
0.60507,0.1,240.986,1223.15
0.22713,0.5,337.646,1223.15
0.41096,0.01,84.9282,1373.15
0.22715,0.5,563.406,1123.15
0.28909,0.01,378.61,1123.15
0.5074,0.1,147.464,1323.15
0.65702,0.1,463.92,1123.15
0.22688,0.5,293.75,1273.15
0.8551,0.5,281.366,1273.15
0.84075,0.01,251.646,1123.15
0.83692,0.5,325.482,1223.15
0.79509,0.5,274.964,1273.15
0.21123,0.5,566.716,1123.15
0.78719,0.5,373.988,1173.15
0.24081,0.1,256.652,1223.15
0.25495,0.5,339.962,1223.15
0.34675,1.0,463.014,1173.15
0.58489,0.01,123.508,1273.15
0.23893,0.5,560.996,1123.15
0.42702,1.0,346.444,1223.15
0.71503,0.01,90.0724,1323.15
0.38863,0.1,122.812,1423.15
0.27305,1.0,172.448,1423.15
0.54851,0.5,199.752,1373.15
0.67086,0.01,158.68,1223.15
0.74495,1.0,267.262,1273.15
0.44084,0.5,167.352,1423.15
0.90309,0.1,428.426,1123.15
0.79687,0.01,70.4106,1373.15
0.66512,0.1,462.41,1123.15
0.19309,0.01,108.682,1323.15
0.15084,0.5,572.972,1123.15
0.58675,1.0,237.786,1323.15
0.67515,0.1,138.292,1323.15
0.16919,0.01,418.186,1123.15
0.31853,0.1,566.264,1123.15
0.25923,1.0,239.31,1323.15
0.50889,0.5,333.92,1223.15
0.69917,0.01,117.422,1273.15
0.20714,0.01,404.912,1123.15
0.63489,0.01,94.5454,1323.15
0.88867,0.5,372.18,1173.15
0.14917,0.5,336.642,1223.15
0.51111,0.01,100.9034,1323.15
0.34288,0.1,557.444,1123.15
0.18281,0.5,216.89,1323.15
0.74862,0.5,227.744,1323.15
0.42284,0.01,292.5,1173.15
0.3431,0.5,532.494,1123.15
0.79104,1.0,265.26,1273.15
0.64511,1.0,446.57,1073.15
0.30678,1.0,208.126,1373.15
0.38124,0.5,425.206,1173.15
0.90295,0.01,85.5892,1323.15
0.72317,0.1,109.69,1423.15
0.74682,0.01,253.592,1173.15
0.57689,1.0,414.096,1173.15
0.23294,0.1,416.698,1173.15
0.53478,0.01,78.93,1373.15
0.62287,1.0,204.22,1373.15
0.62902,0.5,165.688,1423.15
0.48485,0.01,102.086,1323.15
0.2569,0.5,160.34,1423.15
0.747,0.01,265.638,1123.15
0.58888,0.5,198.154,1373.15
0.25905,0.5,294.698,1273.15
0.27685,0.01,74.3506,1423.15
0.42703,0.01,105.066,1323.15
0.2028,0.5,294.354,1273.15
0.89255,0.5,371.624,1173.15
0.84922,0.01,58.8334,1423.15
0.28727,0.1,255.27,1223.15
0.63883,0.5,464.192,1123.15
0.45679,1.0,175.438,1423.15
0.34125,1.0,173.81,1423.15
0.83302,0.5,160.05,1423.15
0.577,1.0,237.492,1323.15
0.48272,0.5,282.09,1273.15
0.62311,0.01,61.9318,1423.15
0.39872,1.0,210.754,1373.15
0.31706,0.1,175.372,1273.15
0.30953,0.1,571.436,1123.15
0.87534,0.1,132.56,1323.15
0.25113,1.0,284.126,1273.15
0.68514,0.01,91.8532,1323.15
0.32465,0.1,255.984,1223.15
0.83098,0.5,374.436,1173.15
0.47711,0.1,509.252,1123.15
0.69305,0.01,157.38,1223.15
0.32895,0.5,340.168,1223.15
0.33127,1.0,242.436,1323.15
0.6451,0.01,93.5498,1323.15
0.47071,1.0,509.574,1073.15
0.20077,0.5,186.526,1373.15
0.45491,0.5,500.816,1123.15
0.70487,1.0,200.73,1373.15
0.73503,0.5,195.988,1373.15
0.20724,0.01,94.2134,1373.15
0.68501,0.1,236.588,1223.15
0.42297,1.0,448.59,1173.15
0.5372,1.0,240.648,1323.15
0.66288,0.5,196.654,1373.15
0.33896,0.01,305.136,1173.15
0.63917,1.0,401.886,1173.15
0.66904,0.5,327.328,1223.15
0.4851,0.5,281.848,1273.15
0.75686,1.0,168.35,1423.15
0.35915,0.5,264.856,1293.15
0.3145,0.1,569.944,1123.15
0.42337,0.1,371.272,1173.15
0.70094,0.1,110.142,1423.15
0.81277,0.1,439.544,1123.15
0.35085,0.01,70.5666,1423.15
0.56494,0.5,394.018,1173.15
0.6671,0.01,259.28,1173.15
0.15476,1.0,199.512,1373.15
0.6612,0.01,93.5574,1323.15
0.72367,0.5,229.17,1323.15
0.59095,0.5,469.306,1123.15
0.35516,0.5,339.144,1223.15
0.46325,1.0,284.916,1273.15
0.65087,0.5,165.104,1423.15
0.36673,0.01,69.724,1423.15
0.63884,0.01,161.356,1223.15
0.22105,0.5,219.882,1323.15
0.63085,0.01,262.17,1173.15
0.34118,0.01,71.0978,1423.15
0.22923,0.1,255.678,1223.15
0.29893,0.01,71.9664,1423.15
0.91101,0.01,243.882,1173.15
0.41313,0.1,150.108,1323.15
0.49704,1.0,241.912,1323.15
0.62106,0.1,160.486,1273.15
0.14883,0.1,163.624,1273.15
0.68505,0.01,274.416,1123.15
0.39707,0.1,535.19,1123.15
0.54682,0.1,488.182,1123.15
0.71712,0.01,59.8614,1423.15
0.20116,0.1,417.274,1173.15
0.60091,0.5,252.464,1293.15
0.65897,1.0,203.538,1373.15
0.63479,1.0,203.728,1373.15
0.47902,0.5,336.784,1223.15
0.70309,0.5,458.174,1123.15
0.53695,0.01,100.1174,1323.15
0.75278,0.01,71.348,1373.15
0.61289,0.1,237.882,1223.15
0.50528,0.5,404.436,1173.15
0.90087,0.01,68.7728,1373.15
0.51478,1.0,174.2,1423.15
0.80319,0.5,374.162,1173.15
0.8711,0.01,112.924,1273.15
0.15106,0.01,323.008,1173.15
0.34882,0.1,152.78,1323.15
0.17106,0.1,121.924,1423.15
0.64921,0.1,112.226,1423.15
0.15714,0.5,572.544,1123.15
0.25319,1.0,284.212,1273.15
0.36921,1.0,286.152,1273.15
0.51928,1.0,209.318,1373.15
0.32905,1.0,172.872,1423.15
0.53088,0.01,99.7788,1323.15
0.22479,0.5,220.802,1323.15
0.28714,1.0,240.442,1323.15
0.63104,1.0,203.87,1373.15
0.17316,0.1,252.374,1223.15
0.77498,0.5,274.172,1273.15
0.68899,0.5,326.448,1223.15
0.18693,0.1,170.242,1273.15
0.59494,1.0,172.112,1423.15
0.38886,1.0,243.238,1323.15
0.58878,0.01,267.796,1173.15
0.75902,0.1,150.028,1273.15
0.17118,0.1,167.736,1273.15
0.71316,0.1,454.09,1123.15
0.53113,1.0,424.246,1173.15
0.73888,0.01,116.262,1273.15
0.69295,0.5,162.846,1423.15
0.66704,0.5,250.288,1293.15
0.14497,0.01,189.586,1223.15
0.5689,0.5,231.908,1323.15
0.81891,0.1,235.558,1223.15
0.82346,0.1,145.796,1273.15
0.26075,1.0,239.258,1323.15
0.80708,0.5,326.394,1223.15
0.58686,0.1,338.194,1173.15
0.56892,1.0,238.38,1323.15
0.64867,0.1,139.616,1323.15
0.48126,0.01,130.016,1273.15
0.38913,0.1,173.322,1273.15
0.42312,0.1,122.21,1423.15
0.76325,1.0,200.056,1373.15
0.50117,0.5,281.232,1273.15
0.38284,0.5,338.652,1223.15
0.24311,0.5,339.206,1223.15
0.44109,0.1,121.856,1423.15
0.79522,0.5,458.37,1123.15
0.85461,0.5,324.03,1223.15
0.73484,1.0,200.758,1373.15
0.90082,0.01,58.1104,1423.15
0.82882,0.5,226.974,1323.15
0.69101,0.1,237.178,1223.15
0.52114,0.5,400.726,1173.15
0.19292,0.5,294.502,1273.15
0.27305,0.1,176.006,1273.15
0.79092,0.01,258.75,1123.15
0.72674,0.01,90.7334,1323.15
0.12508,1.0,161.548,1423.15
0.315,0.1,399.258,1173.15
0.17319,1.0,646.402,1073.15
0.76107,1.0,200.282,1373.15
0.45321,0.5,337.522,1223.15
0.81077,0.01,114.5,1273.15
0.21911,1.0,281.862,1273.15
0.4748,0.01,81.662,1373.15
0.16927,1.0,354.264,1223.15
0.84073,0.1,437.416,1123.15
0.26303,0.5,160.83,1423.15
0.54675,0.5,253.716,1293.15
0.15093,1.0,198.298,1373.15
0.84227,0.5,225.54,1323.15
0.49293,1.0,498.088,1073.15
0.29921,0.01,306.368,1173.15
0.79718,0.01,258.43,1123.15
0.65521,0.1,238.672,1223.15
0.15494,0.01,92.8854,1373.15
0.55117,0.5,199.236,1373.15
0.83888,0.5,259.802,1293.15
0.70686,0.01,90.7966,1323.15
0.66285,0.5,327.908,1223.15
0.681,0.01,60.3546,1423.15
0.74726,1.0,230.824,1323.15
0.47295,0.5,495.966,1123.15
0.57523,0.01,96.7726,1323.15
0.14478,0.5,212.448,1323.15
0.69519,1.0,392.482,1173.15
0.70099,0.5,327.388,1223.15
0.25918,0.01,311.044,1173.15
0.47731,0.1,170.48,1273.15
0.52684,0.5,399.39,1173.15
0.50102,0.01,100.808,1323.15
0.2952,0.01,109.022,1323.15
0.56278,0.01,124.22,1273.15
0.2331,0.01,313.996,1173.15
0.4191,0.1,122.97,1423.15
0.84513,0.5,194.6,1373.15
0.18916,0.01,188.31,1223.15
0.41303,0.01,342.398,1123.15
0.50096,0.1,356.13,1173.15
0.49303,0.01,280.832,1173.15
0.65525,1.0,273.872,1273.15
0.129,0.01,104.77,1323.15
0.59085,0.01,293.862,1123.15
0.35698,1.0,243.12,1323.15
0.87297,0.1,432.32,1123.15
0.85298,0.5,461.256,1123.15
0.59903,0.01,62.5614,1423.15
0.70718,1.0,391.736,1173.15
0.65305,1.0,171.558,1423.15
0.14102,0.01,189.162,1223.15
0.47333,0.1,120.266,1423.15
0.84079,1.0,307.98,1223.15
0.24299,0.01,140.212,1273.15
0.58293,0.5,276.206,1273.15
0.89147,0.5,464.388,1123.15
0.29305,0.1,125.544,1423.15
0.89523,0.01,58.3528,1423.15
0.76311,0.1,134.772,1323.15
0.83503,0.01,113.572,1273.15
0.67502,1.0,202.252,1373.15
0.53088,0.5,167.508,1423.15
0.38107,0.1,248.996,1223.15
0.25524,0.01,109.622,1323.15
0.89288,0.5,225.16,1323.15
0.54116,0.1,242.562,1223.15
0.12918,0.5,333.702,1223.15
0.87299,0.01,249.55,1123.15
0.47926,0.1,168.948,1273.15
0.57513,1.0,276.4,1273.15
0.23119,0.5,294.596,1273.15
0.77276,0.5,455.994,1123.15
0.34323,0.01,70.661,1423.15
0.31304,0.1,174.804,1273.15
0.20318,0.01,138.532,1273.15
0.83084,0.01,253.582,1123.15
0.63095,0.1,159.568,1273.15
0.44279,0.5,231.682,1323.15
0.23098,0.5,266.318,1293.15
0.36913,0.5,166.104,1423.15
0.60925,1.0,323.496,1223.15
0.15886,0.5,182.456,1373.15
0.21918,0.1,172.992,1273.15
0.20293,1.0,487.632,1173.15
0.38875,1.0,174.414,1423.15
0.38695,0.5,165.654,1423.15
0.57863,0.1,163.912,1273.15
0.87093,0.5,284.696,1273.15
0.36284,0.1,385.59,1173.15
0.53271,1.0,240.682,1323.15
0.28476,0.5,548.874,1123.15
0.53081,0.5,232.628,1323.15
0.69325,0.01,73.5266,1373.15
0.80888,0.01,250.15,1173.15
0.30309,0.5,293.332,1273.15
0.15517,0.1,597.768,1123.15
0.49491,0.01,318.37,1123.15
0.71885,0.01,91.0814,1323.15
0.55115,1.0,330.82,1223.15
0.31716,1.0,588.184,1073.15
0.57694,0.01,62.7938,1423.15
0.73479,0.01,72.2772,1373.15
0.71084,0.01,90.6754,1323.15
0.73101,0.5,196.396,1373.15
0.36674,1.0,349.788,1223.15
0.71084,1.0,200.602,1373.15
0.30089,0.01,185.56,1223.15
0.59281,1.0,205.496,1373.15
0.32089,0.01,307.334,1173.15
0.64315,0.1,111.826,1423.15
0.26908,1.0,286.334,1273.15
0.87681,0.1,234.17,1223.15
0.32097,0.5,339.168,1223.15
0.64721,1.0,274.534,1273.15
0.12909,0.01,72.5794,1423.15
0.70107,0.5,228.46,1323.15
0.70116,0.01,117.648,1273.15
0.6429,0.1,466.304,1123.15
0.63297,0.5,327.606,1223.15
0.81729,0.5,279.182,1273.15
0.45887,0.01,83.0496,1373.15
0.77482,1.0,199.516,1373.15
0.48904,0.5,335.41,1223.15
0.23319,0.01,188.398,1223.15
0.20892,0.1,600.258,1123.15
0.37874,0.5,264.176,1293.15
0.89333,0.1,230.78,1223.15
0.42877,0.5,196.906,1373.15
0.21512,0.01,139.328,1273.15
0.70106,0.1,154.69,1273.15
0.73717,0.01,154.294,1223.15
0.35905,0.5,229.124,1323.15
0.19918,0.1,600.534,1123.15
0.42891,0.01,84.5134,1373.15
0.59498,0.01,123.402,1273.15
0.86277,0.1,321.48,1173.15
0.68721,0.01,118.256,1273.15
0.16906,0.5,184.582,1373.15
0.48479,0.1,119.98,1423.15
0.21309,1.0,485.502,1173.15
0.5092,0.01,173.138,1223.15
0.49509,0.5,492.492,1123.15
0.29125,0.01,139.72,1273.15
0.58686,0.01,96.6598,1323.15
0.74116,0.01,153.72,1223.15
0.17311,1.0,277.736,1273.15
0.42296,0.1,527.828,1123.15
0.62882,1.0,203.968,1373.15
0.76077,0.01,263.93,1123.15
0.14906,0.5,153.752,1423.15
0.46112,1.0,175.026,1423.15
0.52691,1.0,174.348,1423.15
0.26104,1.0,171.554,1423.15
0.86469,0.1,320.95,1173.15
0.84528,0.01,58.5978,1423.15
0.65079,0.1,140.094,1323.15
0.69901,1.0,437.654,1073.15
0.51102,1.0,241.628,1323.15
0.27297,1.0,286.084,1273.15
0.53506,1.0,423.452,1173.15
0.66107,0.5,460.156,1123.15
0.77079,0.01,88.1738,1323.15
0.74123,0.1,322.568,1173.15
0.62318,1.0,235.714,1323.15
0.46525,1.0,242.392,1323.15
0.4551,1.0,442.148,1173.15
0.47885,0.5,232.094,1323.15
0.89217,0.5,286.318,1273.15
0.50884,0.1,244.972,1223.15
0.54895,0.01,168.566,1223.15
0.39712,0.01,135.846,1273.15
0.61082,0.5,330.424,1223.15
0.40277,1.0,347.798,1223.15
0.2812,0.1,582.622,1123.15
0.19284,1.0,203.416,1373.15
0.64705,0.5,231.668,1323.15
0.72119,0.01,155.54,1223.15
0.82276,0.1,438.292,1123.15
0.79282,0.01,59.0746,1423.15
0.81922,1.0,228.214,1323.15
0.39338,0.1,122.504,1423.15
0.82691,0.1,437.334,1123.15
0.71687,0.1,153.502,1273.15
0.88111,0.01,58.2844,1423.15
0.60939,0.5,272.486,1273.15
0.27114,1.0,354.874,1223.15
0.55298,0.5,253.742,1293.15
0.51477,0.01,100.467,1323.15
0.56282,0.5,199.48,1373.15
0.59491,0.01,292.794,1123.15
0.17913,0.5,156.882,1423.15
0.62324,0.5,329.342,1223.15
0.70117,1.0,437.542,1073.15
0.42524,0.1,369.144,1173.15
0.50492,0.5,199.496,1373.15
0.19514,0.01,187.994,1223.15
0.50112,0.5,334.644,1223.15
0.58084,0.01,269.208,1173.15
0.56298,1.0,208.448,1373.15
0.6589,0.1,112.238,1423.15
0.34905,0.1,124.226,1423.15
0.29501,0.5,294.392,1273.15
0.24304,0.5,448.9,1173.15
0.551,0.1,144.808,1323.15
0.63528,0.5,251.188,1293.15
0.41702,0.5,261.448,1293.15
0.25321,0.01,312.214,1173.15
0.725,0.5,195.836,1373.15
0.66704,0.01,74.0716,1373.15
0.67915,0.1,137.934,1323.15
0.86317,0.01,86.0244,1323.15
0.30102,0.5,192.722,1373.15
0.70277,1.0,270.064,1273.15
0.65495,1.0,445.554,1073.15
0.17486,0.5,460.544,1173.15
0.66903,1.0,170.532,1423.15
0.63736,0.1,112.544,1423.15
0.30683,0.01,185.734,1223.15
0.27096,0.5,266.482,1293.15
0.58522,1.0,463.186,1073.15
0.74883,0.01,116.2,1273.15
0.79703,0.1,134.072,1323.15
0.46296,1.0,174.896,1423.15
0.57695,0.5,163.202,1423.15
0.6389,0.1,332.296,1173.15
0.18493,0.5,570.898,1123.15
0.25086,1.0,355.844,1223.15
0.4609,1.0,242.242,1323.15
0.42101,0.5,165.76,1423.15
0.57275,0.1,144.808,1323.15
0.15672,0.1,247.474,1223.15
0.19681,0.5,455.81,1173.15
0.66092,0.5,230.664,1323.15
0.72116,0.5,273.45,1273.15
0.73884,1.0,388.462,1173.15
0.29483,0.1,404.03,1173.15
0.78292,0.1,321.34,1173.15
0.49463,0.1,246.606,1223.15
0.22525,0.1,174.026,1273.15
0.63267,0.5,251.582,1293.15
0.70324,0.01,117.652,1273.15
0.1509,1.0,351.612,1223.15
0.25673,0.1,126.178,1423.15
0.44315,0.1,121.71,1423.15
0.83692,0.5,372.824,1173.15
0.55489,0.5,232.83,1323.15
0.22717,0.01,187.054,1223.15
0.48681,0.1,119.826,1423.15
0.61513,0.01,75.8834,1373.15
0.43287,0.01,291.976,1173.15
0.79287,1.0,308.816,1223.15
0.40719,1.0,243.748,1323.15
0.65106,1.0,203.834,1373.15
0.61089,0.01,264.222,1173.15
0.78309,0.5,373.244,1173.15
0.74107,0.5,253.15,1293.15
0.36082,0.5,292.296,1273.15
0.46509,0.5,166.68,1423.15
0.54712,1.0,239.806,1323.15
0.78104,0.1,321.946,1173.15
0.61129,0.1,475.086,1123.15
0.72881,1.0,313.8,1223.15
0.52115,0.5,255.538,1293.15
0.61107,0.1,113.652,1423.15
0.54094,0.01,274.726,1173.15
0.32095,1.0,241.754,1323.15
0.18489,0.5,338.372,1223.15
0.66689,0.01,158.936,1223.15
0.21505,0.5,564.442,1123.15
0.86898,0.5,462.376,1123.15
0.64693,0.01,119.91,1273.15
0.59687,0.01,61.9092,1423.15
0.55117,0.1,164.856,1273.15
0.7692,0.5,275.15,1273.15
0.30142,0.1,575.382,1123.15
0.14917,0.1,597.396,1123.15
0.48895,0.1,149.208,1323.15
0.53113,1.0,333.618,1223.15
0.54886,1.0,239.66,1323.15
0.12721,0.5,286.162,1273.15
0.7989,1.0,382.706,1173.15
0.89503,0.01,244.556,1173.15
0.35091,0.01,137.864,1273.15
0.8289,0.01,69.064,1373.15
0.44676,1.0,175.056,1423.15
0.8232,0.01,113.754,1273.15
0.28281,0.01,109.62,1323.15
0.48114,0.1,168.534,1273.15
0.15912,0.5,461.498,1173.15
0.21705,0.01,139.258,1273.15
0.55322,0.5,396.74,1173.15
0.3548,1.0,287.34,1273.15
0.15491,0.5,573.174,1123.15
0.40677,0.5,420.108,1173.15
0.19706,0.01,93.0678,1373.15
0.7328,0.01,59.5632,1423.15
0.34095,0.01,303.6,1173.15
0.16691,0.1,250.864,1223.15
0.77723,0.01,151.612,1223.15
0.71059,0.1,138.026,1323.15
0.26691,0.1,176.798,1273.15
0.74677,0.5,228.282,1323.15
0.40921,0.01,68.2982,1423.15
0.68517,0.1,138.598,1323.15
0.15524,0.5,212.96,1323.15
0.74666,0.5,272.194,1273.15
0.22881,0.5,266.478,1293.15
0.87718,0.5,284.918,1273.15
0.55287,0.1,144.078,1323.15
0.25709,0.5,339.626,1223.15
0.70927,0.1,137.336,1323.15
0.76288,0.5,195.586,1373.15
0.25893,0.1,590.15,1123.15
0.79875,0.01,69.9804,1373.15
0.22677,1.0,236.222,1323.15
0.4611,0.5,336.086,1223.15
0.50476,0.5,333.884,1223.15
0.15297,0.01,107.528,1323.15
0.69899,0.01,156.484,1223.15
0.60918,1.0,276.014,1273.15
0.43087,0.5,197.304,1373.15
0.70314,0.01,271.834,1123.15
0.75714,0.01,152.768,1223.15
0.38706,1.0,287.104,1273.15
0.90284,0.1,102.822,1423.15
0.53304,0.5,398.182,1173.15
0.51688,0.01,172.654,1223.15
0.28884,0.01,186.794,1223.15
0.57094,1.0,276.84,1273.15
0.68677,0.01,91.6986,1323.15
0.45707,1.0,242.132,1323.15
0.77688,1.0,265.992,1273.15
0.621,0.5,466.05,1123.15
0.50544,0.5,168.048,1423.15
0.31885,0.01,185.416,1223.15
0.27877,0.01,310.066,1173.15
0.7492,1.0,200.514,1373.15
0.7131,0.01,269.99,1123.15
0.371,0.5,427.596,1173.15
0.88309,0.01,248.542,1123.15
0.58319,0.5,252.954,1293.15
0.54681,0.01,98.5584,1323.15
0.26304,0.5,266.038,1293.15
0.88113,0.01,112.26,1273.15
0.43483,0.5,506.594,1123.15
0.72105,0.5,325.302,1223.15
0.2285,0.1,125.522,1423.15
0.15908,0.01,189.39,1223.15
0.52301,0.1,117.888,1423.15
0.67115,0.01,259.764,1173.15
0.89056,0.1,232.5,1223.15
0.48498,0.5,199.146,1373.15
0.35905,1.0,351.666,1223.15
0.82951,0.5,279.022,1273.15
0.55687,0.5,254.606,1293.15
0.22312,0.01,399.92,1123.15
0.42721,0.5,336.852,1223.15
0.26293,1.0,476.84,1173.15
0.1831,0.5,292.046,1273.15
0.5029,1.0,494.416,1073.15
0.12704,0.01,71.5426,1423.15
0.17708,0.01,321.08,1173.15
0.5588,0.5,331.306,1223.15
0.73512,0.1,237.49,1223.15
0.73929,0.5,195.828,1373.15
0.71688,1.0,200.59,1373.15
0.59495,0.01,76.4386,1373.15
0.42306,0.5,287.038,1273.15
0.4591,0.5,500.524,1123.15
0.24671,0.1,256.3,1223.15
0.47317,0.5,199.19,1373.15
0.37084,0.5,524.342,1123.15
0.79714,1.0,264.86,1273.15
0.24919,0.01,93.831,1373.15
0.88337,0.5,265.314,1293.15
0.75492,1.0,310.264,1223.15
0.38698,0.01,136.11,1273.15
0.62473,1.0,405.712,1173.15
0.42311,0.5,417.284,1173.15
0.36493,0.01,182.388,1223.15
0.23321,0.01,110.084,1323.15
0.32277,1.0,585.274,1073.15
0.4371,0.01,105.284,1323.15
0.17112,0.01,188.978,1223.15
0.50523,0.5,281.118,1273.15
0.40106,0.1,535.426,1123.15
0.15108,0.5,213.114,1323.15
0.37298,0.01,87.3016,1373.15
0.13895,0.01,90.216,1373.15
0.84882,0.01,147.826,1223.15
0.64513,0.01,74.899,1373.15
0.477,0.1,147.644,1323.15
0.84494,0.01,113.214,1273.15
0.19303,0.5,186.748,1373.15
0.18707,0.5,337.91,1223.15
0.6312,0.1,113.898,1423.15
0.65715,1.0,445.4,1073.15
0.15672,0.5,183.112,1373.15
0.19119,0.01,75.9778,1423.15
0.2128,0.01,75.6862,1423.15
0.37085,1.0,561.226,1073.15
0.7694,0.1,235.886,1223.15
0.33491,0.01,70.9114,1423.15
0.43715,0.1,367.74,1173.15
0.39297,1.0,288.83,1273.15
0.77474,1.0,430.226,1073.15
0.87304,0.5,161.068,1423.15
0.51889,1.0,335.362,1223.15
0.5589,0.5,232.922,1323.15
0.38292,0.01,134.976,1273.15
0.43704,0.5,231.868,1323.15
0.68307,0.01,118.114,1273.15
0.88689,0.1,104.172,1423.15
0.27255,0.1,411.808,1173.15
0.35697,0.5,529.918,1123.15
0.79885,1.0,264.808,1273.15
0.70474,1.0,231.476,1323.15
0.21258,0.1,125.058,1423.15
0.39319,0.1,249.808,1223.15
0.84929,0.1,131.484,1323.15
0.5852,0.01,294.82,1123.15
0.6771,0.1,111.114,1423.15
0.437,0.01,179.07,1223.15
0.20497,1.0,236.868,1323.15
0.32122,0.5,293.534,1273.15
0.80488,0.5,275.698,1273.15
0.86526,0.01,68.7918,1373.15
0.26498,0.5,554.184,1123.15
0.20531,0.1,125.496,1423.15
0.3288,0.1,152.868,1323.15
0.58517,0.01,165.908,1223.15
0.19071,0.5,294.154,1273.15
0.20085,1.0,355.254,1223.15
0.41682,0.1,172.278,1273.15
0.63498,0.01,121.184,1273.15
0.48106,0.5,258.242,1293.15
0.28515,0.1,579.624,1123.15
0.25089,0.5,159.124,1423.15
0.42104,0.01,67.473,1423.15
0.14315,0.1,243.394,1223.15
0.84105,0.5,195.004,1373.15
0.82109,0.5,324.98,1223.15
0.85516,0.01,147.672,1223.15
0.3208,0.01,70.7936,1423.15
0.8669,0.5,283.152,1273.15
0.28892,0.01,72.7506,1423.15
0.58692,0.5,468.172,1123.15
0.79912,0.1,133.83,1323.15
0.16481,0.1,250.464,1223.15
0.54908,1.0,420.8,1173.15
0.5314,0.1,350.236,1173.15
0.59894,1.0,172.764,1423.15
0.73691,1.0,433.56,1073.15
0.47097,0.1,147.726,1323.15
0.6068,0.01,289.122,1123.15
0.13672,0.5,334.724,1223.15
0.82679,0.01,254.278,1123.15
0.36924,0.1,124.398,1423.15
0.25132,0.1,256.894,1223.15
0.79925,0.5,457.144,1123.15
0.26926,0.5,163.48,1423.15
0.20703,0.1,255.022,1223.15
0.60887,1.0,205.134,1373.15
0.19894,0.1,123.926,1423.15
0.15516,0.5,182.84,1373.15
0.43301,0.01,66.972,1423.15
0.39325,0.1,172.92,1273.15
0.47699,0.5,282.896,1273.15
0.47671,0.5,232.57,1323.15
0.20486,0.5,186.044,1373.15
0.147,1.0,165.506,1423.15
0.74515,0.1,322.322,1173.15
0.89099,0.01,146.55,1223.15
0.32492,0.01,139.14,1273.15
0.38664,0.1,122.95,1423.15
0.61285,1.0,173.01,1423.15
0.26071,0.5,159.76,1423.15
0.13286,0.01,89.2668,1373.15
0.40082,0.5,262.652,1293.15
0.65906,0.5,163.726,1423.15
0.40698,0.01,344.106,1123.15
0.58719,0.5,198.006,1373.15
0.3089,0.01,139.248,1273.15
0.45924,0.5,410.74,1173.15
0.40282,0.5,232.034,1323.15
0.47942,0.1,120.05,1423.15
0.42898,0.01,338.84,1123.15
0.70918,0.01,117.202,1273.15
0.26892,0.1,587.842,1123.15
0.60512,0.5,329.718,1223.15
0.55675,1.0,280.34,1273.15
0.43303,0.5,338.394,1223.15
0.14504,0.01,322.694,1173.15
0.547,0.01,302.486,1123.15
0.76489,0.01,153.324,1223.15
0.4726,0.1,362.52,1173.15
0.78531,0.5,324.578,1223.15
0.74105,0.5,196.428,1373.15
0.75927,0.1,134.776,1323.15
0.16699,0.5,336.288,1223.15
0.6351,0.5,384.734,1173.15
0.34681,0.5,432.444,1173.15
0.85484,0.01,69.2876,1373.15
0.2366,0.1,125.656,1423.15
0.79727,0.5,457.83,1123.15
0.1412,1.0,271.862,1273.15
0.38489,0.5,338.724,1223.15
0.23309,0.5,266.368,1293.15
0.30125,0.1,152.532,1323.15
0.50518,0.1,356.178,1173.15
0.54491,0.01,125.772,1273.15
0.37692,0.5,228.258,1323.15
0.21091,1.0,355.418,1223.15
0.3092,0.5,265.63,1293.15
0.47301,0.1,148.326,1323.15
0.79124,1.0,308.848,1223.15
0.28487,0.5,294.21,1273.15
0.82126,0.5,260.396,1293.15
0.80525,0.5,457.432,1123.15
0.53083,0.01,170.624,1223.15
0.67515,0.5,272.256,1273.15
0.51721,0.1,352.316,1173.15
0.77898,1.0,229.152,1323.15
0.55727,1.0,207.704,1373.15
0.84037,1.0,379.652,1173.15
0.42281,1.0,243.324,1323.15
0.4572,0.5,411.264,1173.15
0.47517,0.1,511.114,1123.15
0.41481,0.1,172.768,1273.15
0.32716,1.0,172.766,1423.15
0.22078,1.0,203.738,1373.15
0.56085,0.01,300.958,1123.15
0.21499,0.5,454.428,1173.15
0.4751,0.5,495.446,1123.15
0.65263,0.1,112.676,1423.15
0.37881,0.5,289.466,1273.15
0.33119,1.0,209.454,1373.15
0.39284,1.0,349.16,1223.15
0.30894,0.1,400.166,1173.15
0.30308,1.0,472.356,1173.15
0.55918,1.0,418.344,1173.15
0.62526,0.5,329.226,1223.15
0.13119,0.5,568.952,1123.15
0.79716,0.01,58.6854,1423.15
0.68881,0.01,91.2138,1323.15
0.15892,0.01,91.5722,1373.15
0.907,0.1,232.618,1223.15
0.60053,0.1,162.292,1273.15
0.69906,0.5,196.878,1373.15
0.4172,1.0,449.712,1173.15
0.72907,0.1,324.734,1173.15
0.28075,0.1,408.298,1173.15
0.47498,0.5,258.512,1293.15
0.28117,0.5,444.81,1173.15
0.73503,0.1,448.742,1123.15
0.43136,0.1,370.024,1173.15
0.3407,0.1,150.908,1323.15
0.38121,1.0,174.57,1423.15
0.43922,0.01,288.656,1173.15
0.87325,0.1,132.75,1323.15
0.70279,0.5,228.416,1323.15
0.75291,0.5,163.81,1423.15
0.77681,0.01,58.5462,1423.15
0.70115,1.0,392.196,1173.15
0.39302,0.01,86.4432,1373.15
0.48666,0.1,246.006,1223.15
0.56476,0.01,63.0034,1423.15
0.24114,0.5,560.424,1123.15
0.33685,0.01,363.778,1123.15
0.18719,0.5,569.85,1123.15
0.88118,0.5,160.986,1423.15
0.70503,1.0,269.608,1273.15
0.81304,0.1,132.972,1323.15
0.18493,0.5,217.102,1323.15
0.36697,1.0,175.292,1423.15
0.38897,0.01,85.5654,1373.15
0.52939,0.1,350.946,1173.15
0.62298,0.1,159.998,1273.15
0.42501,1.0,174.784,1423.15
0.25127,0.5,449.47,1173.15
0.78861,0.5,195.196,1373.15
0.44108,0.01,104.68,1323.15
0.3669,0.01,300.586,1173.15
0.41692,0.01,292.39,1173.15
0.129,0.01,189.306,1223.15
0.39519,0.5,164.432,1423.15
0.5013,0.1,147.154,1323.15
0.55724,1.0,330.166,1223.15
0.43681,0.5,337.584,1223.15
0.17881,0.5,292.24,1273.15
0.149,0.01,107.592,1323.15
0.57095,0.01,123.774,1273.15
0.48534,0.1,169.358,1273.15
0.90108,0.01,247.452,1123.15
0.52925,0.5,199.408,1373.15
0.72673,1.0,390.046,1173.15
0.86511,0.1,131.394,1323.15
0.26741,0.1,410.93,1173.15
0.80902,0.1,132.764,1323.15
0.20903,0.5,218.876,1323.15
0.20321,0.1,599.546,1123.15
0.59497,0.1,339.08,1173.15
0.3208,1.0,286.2,1273.15
0.46286,1.0,342.552,1223.15
0.31741,0.1,255.286,1223.15
0.7072,1.0,436.944,1073.15
0.6928,0.1,110.516,1423.15
0.48313,0.01,81.3686,1373.15
0.40255,0.1,172.792,1273.15
0.57304,1.0,172.606,1423.15
0.44526,0.1,121.53,1423.15
0.22495,0.5,337.95,1223.15
0.29516,0.5,226.708,1323.15
0.38699,0.5,520.114,1123.15
0.16478,0.1,150.226,1323.15
0.22692,0.5,221.156,1323.15
0.23886,0.1,256.88,1223.15
0.71724,1.0,231.218,1323.15
0.13292,1.0,269.966,1273.15
0.26094,0.5,191.916,1373.15
0.23046,0.1,125.366,1423.15
0.72883,1.0,168.896,1423.15
0.14872,0.1,246.61,1223.15
0.35885,0.5,338.404,1223.15
0.53492,1.0,240.67,1323.15
0.89122,0.1,429.812,1123.15
0.17104,1.0,646.712,1073.15
0.60278,0.01,266.26,1173.15
0.33126,1.0,582.268,1073.15
0.37898,0.01,87.0666,1373.15
0.33894,0.5,194.524,1373.15
0.175,0.5,215.896,1323.15
0.54884,0.01,125.274,1273.15
0.26307,0.5,445.222,1173.15
0.80284,1.0,167.698,1423.15
0.71301,0.5,326.622,1223.15
0.22276,0.5,267.118,1293.15
0.49709,0.01,128.04,1273.15
0.44096,1.0,443.766,1173.15
0.55278,1.0,239.594,1323.15
0.76277,1.0,431.92,1073.15
0.31518,0.1,152.488,1323.15
0.29515,0.1,125.866,1423.15
0.32686,1.0,354.764,1223.15
0.79509,0.1,148.426,1273.15
0.46108,0.1,513.634,1123.15
0.30517,1.0,208.0,1373.15
0.5489,0.5,396.5,1173.15
0.68125,0.1,458.97,1123.15
0.89314,0.01,112.2,1273.15
0.25295,0.5,448.57,1173.15
0.1411,0.01,134.93,1273.15
0.53679,0.01,78.7864,1373.15
0.31483,0.5,227.408,1323.15
0.74901,1.0,168.412,1423.15
0.45282,1.0,175.28,1423.15
0.33322,0.1,396.186,1173.15
0.66716,0.1,238.732,1223.15
0.50679,0.5,167.546,1423.15
0.76129,0.1,324.838,1173.15
0.27121,0.5,444.418,1173.15
0.87673,0.5,224.256,1323.15
0.2072,0.01,75.9678,1423.15
0.74478,1.0,168.3,1423.15
0.52488,0.01,99.9314,1323.15
0.24883,0.01,189.496,1223.15
0.13107,0.01,105.344,1323.15
0.67513,0.01,118.59,1273.15
0.21505,0.1,600.464,1123.15
0.75896,0.5,163.694,1423.15
0.68904,0.1,237.778,1223.15
0.51285,0.5,279.846,1273.15
0.46085,0.5,198.384,1373.15
0.1912,1.0,169.084,1423.15
0.22121,0.01,188.034,1223.15
0.86288,0.5,159.06,1423.15
0.49099,0.01,318.906,1123.15
0.59705,1.0,325.882,1223.15
0.79072,0.01,151.096,1223.15
0.21516,0.01,94.8112,1373.15
0.27491,1.0,608.428,1073.15
0.81675,0.5,457.342,1123.15
0.20283,0.1,154.166,1323.15
0.31494,1.0,285.944,1273.15
0.5088,0.1,117.66,1423.15
0.49725,0.1,147.274,1323.15
0.56289,0.5,474.708,1123.15
0.68711,0.1,110.704,1423.15
0.66675,0.5,460.09,1123.15
0.44895,0.01,104.678,1323.15
0.78886,0.5,457.764,1123.15
0.79079,0.01,70.5662,1373.15
0.57902,0.5,162.644,1423.15
0.75508,0.1,151.054,1273.15
0.15305,0.01,73.4738,1423.15
0.2028,1.0,636.53,1073.15
0.40297,0.1,251.218,1223.15
0.77722,0.5,227.302,1323.15
0.50953,0.1,500.416,1123.15
0.41496,1.0,450.09,1173.15
0.25508,0.01,94.017,1373.15
0.33296,0.01,71.576,1423.15
0.40058,0.1,173.748,1273.15
0.13916,1.0,163.09,1423.15
0.62718,1.0,450.902,1073.15
0.28274,0.01,309.38,1173.15
0.30497,0.01,108.556,1323.15
0.15675,0.5,213.258,1323.15
0.31318,0.5,226.708,1323.15
0.57508,0.5,232.506,1323.15
0.62292,0.01,95.5068,1323.15
0.56122,0.5,199.394,1373.15
0.24701,1.0,205.652,1373.15
0.85907,0.5,193.044,1373.15
0.45712,1.0,284.69,1273.15
0.27507,0.1,584.874,1123.15
0.59878,0.1,141.804,1323.15
0.72913,0.01,154.636,1223.15
0.20308,0.01,187.48,1223.15
0.70911,0.5,250.45,1293.15
0.73713,1.0,168.69,1423.15
0.54505,1.0,476.006,1073.15
0.1968,0.5,186.694,1373.15
0.70881,1.0,314.024,1223.15
0.38709,0.5,424.462,1173.15
0.74894,0.5,272.598,1273.15
0.60486,1.0,324.458,1223.15
0.68311,0.01,60.789,1423.15
0.74894,0.5,195.544,1373.15
0.27138,0.1,410.788,1173.15
0.62291,0.01,74.8476,1373.15
0.23722,0.5,221.65,1323.15
0.20891,0.5,567.094,1123.15
0.1451,0.01,424.534,1123.15
0.30477,0.5,164.046,1423.15
0.43889,0.5,337.024,1223.15
0.15287,0.1,163.99,1273.15
0.38492,0.01,136.33,1273.15
0.22897,0.5,188.434,1373.15
0.69906,1.0,314.824,1223.15
0.80887,1.0,262.228,1273.15
0.18687,0.5,155.406,1423.15
0.16496,0.5,572.58,1123.15
0.55682,0.01,77.411,1373.15
0.23101,1.0,626.112,1073.15
0.20876,1.0,635.184,1073.15
0.67088,0.5,272.142,1273.15
0.19712,0.01,407.732,1123.15
0.49303,0.1,119.59,1423.15
0.49272,1.0,283.558,1273.15
0.68304,0.1,137.876,1323.15
0.3728,0.01,69.2824,1423.15
0.21314,0.01,139.342,1273.15
0.79318,0.01,150.416,1223.15
0.1948,1.0,203.524,1373.15
0.13908,0.5,153.098,1423.15
0.3332,0.01,302.328,1173.15
0.29514,0.5,440.122,1173.15
0.83687,0.01,252.946,1123.15
0.82886,1.0,380.874,1173.15
0.48495,0.1,358.928,1173.15
0.57074,1.0,467.988,1073.15
0.45925,0.5,167.78,1423.15
0.64297,1.0,446.988,1073.15
0.90517,0.01,244.546,1173.15
0.43918,0.01,84.4016,1373.15
0.76712,1.0,199.718,1373.15
0.78659,0.1,320.342,1173.15
0.50901,1.0,282.588,1273.15
0.27326,1.0,354.626,1223.15
0.82291,0.01,148.902,1223.15
0.20928,0.1,153.206,1323.15
0.30922,0.5,193.544,1373.15
0.59477,1.0,326.216,1223.15
0.79881,0.01,249.44,1173.15
0.83489,0.01,69.1116,1373.15
0.63095,0.5,230.454,1323.15
0.83513,0.5,459.88,1123.15
0.36719,0.1,124.202,1423.15
0.75342,0.1,108.93,1423.15
0.15306,0.01,321.66,1173.15
0.87662,0.5,160.954,1423.15
0.30888,0.5,339.298,1223.15
0.28113,1.0,477.364,1173.15
0.65506,0.1,157.7,1273.15
0.2232,0.01,110.004,1323.15
0.74515,0.5,162.686,1423.15
0.86888,0.01,147.216,1223.15
0.60719,0.01,122.514,1273.15
0.46499,0.1,513.246,1123.15
0.85903,0.5,461.966,1123.15
0.3848,0.5,230.606,1323.15
0.52279,0.01,79.8394,1373.15
0.56898,0.01,77.712,1373.15
0.62745,0.5,198.334,1373.15
0.12889,0.1,157.46,1273.15
0.25114,1.0,619.368,1073.15
0.43112,0.01,338.704,1123.15
0.18517,0.1,417.798,1173.15
0.83707,0.1,320.984,1173.15
0.54296,0.5,479.784,1123.15
0.31705,0.5,227.702,1323.15
0.43272,0.5,508.16,1123.15
0.36279,0.5,229.822,1323.15
0.37902,0.1,249.762,1223.15
0.23853,0.1,177.216,1273.15
0.87697,0.01,69.3112,1373.15
0.7728,0.1,321.432,1173.15
0.3789,0.5,523.334,1123.15
0.41519,0.5,167.714,1423.15
0.49874,1.0,174.688,1423.15
0.65127,1.0,274.388,1273.15
0.42498,0.01,84.576,1373.15
0.17911,0.01,320.236,1173.15
0.90292,0.5,459.266,1123.15
0.69302,1.0,392.752,1173.15
0.78308,0.1,133.802,1323.15
0.80903,1.0,198.556,1373.15
0.59885,0.5,252.42,1293.15
0.19109,0.01,137.442,1273.15
0.89931,0.01,85.8346,1323.15
0.52102,0.01,312.202,1123.15
0.68104,0.5,378.406,1173.15
0.62722,0.01,121.218,1273.15
0.54282,0.1,490.136,1123.15
0.89497,0.1,103.696,1423.15
0.1691,0.01,74.8874,1423.15
0.68929,0.5,458.492,1123.15
0.81083,0.01,149.844,1223.15
0.54721,1.0,331.36,1223.15
0.25317,0.01,108.994,1323.15
0.80116,0.01,58.8528,1423.15
0.33476,0.5,338.818,1223.15
0.3469,1.0,174.558,1423.15
0.80899,0.01,87.234,1323.15
0.18915,0.5,217.056,1323.15
0.439,0.1,121.854,1423.15
0.42678,0.01,179.59,1223.15
0.14096,0.1,596.416,1123.15
0.4288,1.0,243.176,1323.15
0.56331,0.1,165.924,1273.15
0.20298,1.0,282.056,1273.15
0.55074,0.1,346.156,1173.15
0.32883,0.1,175.554,1273.15
0.36495,1.0,210.27,1373.15
0.16693,0.5,291.082,1273.15
0.39707,1.0,288.832,1273.15
0.36488,0.1,550.136,1123.15
0.16916,0.1,598.002,1123.15
0.34708,1.0,242.202,1323.15
0.58325,0.5,198.122,1373.15
0.51093,0.5,167.936,1423.15
0.78119,1.0,383.794,1173.15
0.26679,1.0,354.97,1223.15
0.88318,0.01,68.824,1373.15
0.86092,0.5,223.858,1323.15
0.84734,0.1,436.766,1123.15
0.76515,0.5,456.154,1123.15
0.26683,1.0,286.106,1273.15
0.78275,1.0,229.082,1323.15
0.39474,0.5,197.6,1373.15
0.40918,0.01,106.954,1323.15
0.29871,0.01,92.7974,1373.15
0.14876,0.5,260.764,1293.15
0.13304,0.01,428.51,1123.15
0.35699,0.01,69.7152,1423.15
0.19903,0.01,137.79,1273.15
0.81857,0.5,162.006,1423.15
0.77875,0.5,254.99,1293.15
0.30884,0.5,165.322,1423.15
0.88883,0.01,247.628,1123.15
0.78303,0.5,457.564,1123.15
0.63116,0.01,162.434,1223.15
0.18919,0.5,459.112,1173.15
0.82512,0.5,374.756,1173.15
0.45488,0.01,82.719,1373.15
0.845,0.1,234.122,1223.15
0.2608,0.01,140.624,1273.15
0.47691,0.5,407.568,1173.15
0.4933,0.5,281.814,1273.15
0.68518,0.5,378.37,1173.15
0.76299,0.01,262.944,1123.15
0.60266,0.1,162.678,1273.15
0.7931,1.0,167.642,1423.15
0.54686,0.01,273.036,1173.15
0.58123,0.5,163.776,1423.15
0.38893,0.01,296.986,1173.15
0.85808,0.5,225.6,1323.15
0.80682,1.0,198.822,1373.15
0.62719,1.0,203.904,1373.15
0.76912,1.0,229.118,1323.15
0.25322,0.01,187.11,1223.15
0.59878,1.0,325.492,1223.15
0.74295,0.01,116.182,1273.15
0.419,0.01,134.23,1273.15
0.20114,0.5,294.476,1273.15
0.30697,0.5,437.554,1173.15
0.75892,0.01,58.735,1423.15
0.5672,0.5,167.896,1423.15
0.49123,0.1,149.854,1323.15
0.18298,0.01,137.304,1273.15
0.75888,1.0,229.578,1323.15
0.50878,1.0,241.952,1323.15
0.68692,0.5,162.346,1423.15
0.16922,0.1,413.624,1173.15
0.35498,0.5,429.976,1173.15
0.67319,0.01,73.7232,1373.15
0.47687,0.01,323.31,1123.15
0.59498,0.01,267.27,1173.15
0.60292,0.1,336.426,1173.15
0.48322,1.0,284.208,1273.15
0.19092,1.0,641.248,1073.15
0.30341,0.1,573.288,1123.15
0.64693,0.01,281.544,1123.15
0.64094,0.1,332.684,1173.15
0.17917,1.0,278.554,1273.15
0.44506,1.0,209.646,1373.15
0.72513,0.5,163.47,1423.15
0.31353,0.1,570.07,1123.15
0.37868,0.5,166.21,1423.15
0.82292,0.1,132.926,1323.15
0.71907,0.01,254.238,1173.15
0.53487,0.1,492.666,1123.15
0.6252,0.1,239.51,1223.15
0.70688,1.0,231.288,1323.15
0.26919,0.5,224.132,1323.15
0.35894,0.1,250.438,1223.15
0.64294,0.01,161.138,1223.15
0.14488,1.0,350.818,1223.15
0.84533,0.1,436.48,1123.15
0.39305,0.1,150.314,1323.15
0.53883,0.1,490.678,1123.15
0.71091,0.1,109.736,1423.15
0.37906,1.0,209.822,1373.15
0.4051,0.01,85.2008,1373.15
0.63081,0.1,334.228,1173.15
0.63485,1.0,235.48,1323.15
0.62664,0.1,141.504,1323.15
0.35278,1.0,462.278,1173.15
0.60915,0.1,239.15,1223.15
0.48914,1.0,175.284,1423.15
0.15914,1.0,200.044,1373.15
0.72485,1.0,199.946,1373.15
0.20309,0.1,416.938,1173.15
0.45106,1.0,242.554,1323.15
0.56699,0.5,473.656,1123.15
0.87701,0.01,249.094,1123.15
0.50693,0.5,256.02,1293.15
0.75504,0.01,59.6904,1423.15
0.60464,0.1,141.592,1323.15
0.84505,0.1,105.182,1423.15
0.61682,1.0,322.318,1223.15
0.35115,1.0,351.742,1223.15
0.23326,0.01,396.568,1123.15
0.60269,0.5,273.892,1273.15
0.5911,0.5,329.748,1223.15
0.27893,1.0,286.022,1273.15
0.39275,0.5,164.484,1423.15
0.55107,0.5,396.38,1173.15
0.47295,1.0,340.71,1223.15
0.50316,0.5,280.942,1273.15
0.29115,0.5,267.67,1293.15
0.32075,1.0,208.612,1373.15
0.68677,0.01,73.8522,1373.15
0.85694,0.01,112.958,1273.15
0.84542,0.1,131.664,1323.15
0.66304,0.01,259.848,1173.15
0.40105,0.5,197.196,1373.15
0.63907,0.1,160.076,1273.15
0.76092,0.01,88.739,1323.15
0.47687,1.0,506.346,1073.15
0.51274,1.0,241.422,1323.15
0.52277,0.5,278.282,1273.15
0.57901,0.01,295.38,1123.15
0.56298,0.5,331.902,1223.15
0.73725,0.5,162.618,1423.15
0.66694,0.1,140.454,1323.15
0.3508,0.1,173.6,1273.15
0.50704,0.5,488.298,1123.15
0.80688,1.0,308.752,1223.15
0.39908,0.01,135.75,1273.15
0.16894,0.1,151.664,1323.15
0.23898,0.1,595.61,1123.15
0.72879,0.01,71.9896,1373.15
0.27276,0.01,310.626,1173.15
0.48715,0.01,80.4176,1373.15
0.77486,0.01,115.344,1273.15
0.31876,1.0,242.022,1323.15
0.89522,0.5,463.514,1123.15
0.57489,0.5,473.74,1123.15
0.30926,0.01,91.2014,1373.15
0.68501,1.0,394.75,1173.15
0.14889,1.0,197.67,1373.15
0.24277,0.1,256.902,1223.15
0.43519,1.0,285.56,1273.15
0.28497,0.1,408.594,1173.15
0.68706,1.0,315.748,1223.15
0.33285,0.1,253.976,1223.15
0.38897,0.01,106.814,1323.15
0.35498,0.01,108.156,1323.15
0.26519,0.01,92.6224,1373.15
0.49897,0.01,279.156,1173.15
0.56696,0.01,270.076,1173.15
0.20282,0.5,186.012,1373.15
0.539,0.1,116.662,1423.15
0.27097,0.5,339.08,1223.15
0.26093,0.1,589.982,1123.15
0.57286,0.1,483.402,1123.15
0.19721,0.01,188.646,1223.15
0.4031,0.1,376.788,1173.15
0.61723,1.0,454.396,1073.15
0.67897,0.5,251.112,1293.15
0.70715,0.01,59.8688,1423.15
0.74085,0.5,374.57,1173.15
0.59267,0.1,163.066,1273.15
0.3312,1.0,173.136,1423.15
0.82546,0.1,145.628,1273.15
0.50276,1.0,208.39,1373.15
0.56894,0.01,97.266,1323.15
0.46512,1.0,342.228,1223.15
0.28316,0.5,549.374,1123.15
0.4391,0.01,104.55,1323.15
0.13721,0.5,180.582,1373.15
0.73889,0.5,272.86,1273.15
0.56326,0.5,253.908,1293.15
0.58684,0.1,239.85,1223.15
0.3589,1.0,567.332,1073.15
0.44302,0.1,149.454,1323.15
0.27891,0.5,445.424,1173.15
0.51283,0.01,172.48,1223.15
0.61102,0.1,162.342,1273.15
0.261,0.1,154.388,1323.15
0.49323,0.1,244.404,1223.15
0.651,0.5,383.638,1173.15
0.75688,0.5,272.298,1273.15
0.23098,0.5,452.222,1173.15
0.31098,1.0,470.468,1173.15
0.67129,0.5,229.48,1323.15
0.18096,1.0,645.28,1073.15
0.83882,0.1,146.108,1273.15
0.57696,0.1,482.258,1123.15
0.13312,0.1,146.096,1323.15
0.7471,0.1,322.946,1173.15
0.41285,0.01,180.16,1223.15
0.44479,1.0,522.468,1073.15
0.51669,0.1,498.148,1123.15
0.53285,0.01,126.228,1273.15
0.14894,1.0,273.778,1273.15
0.2273,0.1,174.51,1273.15
0.16292,1.0,166.252,1423.15
0.32283,0.5,293.446,1273.15
0.54893,0.1,145.792,1323.15
0.14511,0.1,243.908,1223.15
0.77894,0.1,321.042,1173.15
0.29316,0.01,108.398,1323.15
0.27493,0.1,125.59,1423.15
0.65888,1.0,445.182,1073.15
0.55693,0.01,124.5,1273.15
0.28482,0.01,309.482,1173.15
0.28482,0.01,72.7208,1423.15
0.59711,0.5,198.628,1373.15
0.45098,0.5,337.368,1223.15
0.62485,0.01,162.628,1223.15
0.69705,1.0,232.526,1323.15
0.37298,0.01,181.936,1223.15
0.27276,0.01,93.252,1373.15
0.49505,0.01,281.138,1173.15
0.80076,1.0,167.832,1423.15
0.14283,0.1,148.418,1323.15
0.19077,1.0,490.914,1173.15
0.90917,0.1,231.452,1223.15
0.25078,0.01,109.684,1323.15
0.7771,0.1,321.036,1173.15
0.41489,0.5,287.318,1273.15
0.77292,0.01,58.7124,1423.15
0.60078,0.01,165.144,1223.15
0.56281,0.1,240.862,1223.15
0.76473,0.1,107.88,1423.15
0.39915,0.01,180.848,1223.15
0.37283,1.0,350.548,1223.15
0.2052,0.1,173.214,1273.15
0.66498,1.0,318.34,1223.15
0.74318,1.0,387.666,1173.15
0.42318,0.01,179.714,1223.15
0.13905,0.01,134.78,1273.15
0.64489,1.0,203.856,1373.15
0.75503,1.0,432.386,1073.15
0.82094,0.5,374.024,1173.15
0.65705,0.1,157.388,1273.15
0.21907,0.01,314.994,1173.15
0.78886,0.01,115.39,1273.15
0.57339,0.5,275.46,1273.15
0.30281,0.01,71.8976,1423.15
0.77688,0.1,148.996,1273.15
0.91133,0.01,67.5648,1373.15
0.235,0.5,338.232,1223.15
0.46896,0.01,82.6064,1373.15
0.32283,0.01,138.504,1273.15
0.14679,0.1,162.682,1273.15
0.80103,0.01,257.94,1123.15
0.85464,0.1,105.568,1423.15
0.43098,0.1,120.752,1423.15
0.41121,0.01,105.964,1323.15
0.17117,0.1,413.474,1173.15
0.40672,1.0,211.332,1373.15
0.37478,1.0,558.53,1073.15
0.37507,1.0,285.706,1273.15
0.22329,0.1,174.678,1273.15
0.28106,0.5,294.372,1273.15
0.35328,0.1,386.776,1173.15
0.72909,0.1,152.836,1273.15
0.75666,0.1,133.672,1323.15
0.44723,1.0,243.062,1323.15
0.79385,0.5,162.45,1423.15
0.8541,0.5,263.372,1293.15
0.60713,0.5,167.834,1423.15
0.70303,0.1,325.6,1173.15
0.67505,0.5,379.676,1173.15
0.41716,1.0,286.908,1273.15
0.78744,0.5,162.966,1423.15
0.36511,0.1,123.676,1423.15
0.5712,0.5,391.984,1173.15
0.65123,1.0,319.692,1223.15
0.16295,0.1,166.422,1273.15
0.73322,1.0,267.776,1273.15
0.42498,0.01,338.29,1123.15
0.24489,1.0,621.604,1073.15
0.42101,0.01,134.146,1273.15
0.325,0.5,194.328,1373.15
0.60295,0.1,476.436,1123.15
0.47915,0.01,282.49,1173.15
0.24504,1.0,240.218,1323.15
0.24855,0.1,125.444,1423.15
0.80112,0.01,114.46,1273.15
0.41305,1.0,175.792,1423.15
0.76892,1.0,310.142,1223.15
0.16092,0.1,165.252,1273.15
0.79678,0.5,162.7,1423.15
0.44495,1.0,243.418,1323.15
0.29327,0.1,256.378,1223.15
0.645,0.01,119.82,1273.15
0.83114,0.01,58.8488,1423.15
0.73901,0.1,448.318,1123.15
0.44518,0.01,289.168,1173.15
0.72111,0.1,109.708,1423.15
0.65689,0.5,460.33,1123.15
0.36523,1.0,175.014,1423.15
0.15313,0.5,260.988,1293.15
0.56541,0.1,165.388,1273.15
0.88695,0.01,245.598,1173.15
0.75725,1.0,432.242,1073.15
0.56899,0.01,269.826,1173.15
0.77479,0.01,70.9134,1373.15
0.62501,0.1,112.822,1423.15
0.60717,0.1,240.698,1223.15
0.54499,1.0,240.032,1323.15
0.60705,0.5,387.66,1173.15
0.36282,0.1,550.508,1123.15
0.72898,0.5,253.786,1293.15
0.38101,0.01,68.8312,1423.15
0.67099,0.5,164.854,1423.15
0.62676,0.01,61.7058,1423.15
0.87952,0.5,463.384,1123.15
0.35693,0.01,137.37,1273.15
0.68694,0.5,326.422,1223.15
0.20712,0.01,139.414,1273.15
0.68889,0.5,197.256,1373.15
0.6611,1.0,444.936,1073.15
0.2628,0.5,294.674,1273.15
0.32516,1.0,287.034,1273.15
0.80281,1.0,427.944,1073.15
0.84783,1.0,423.914,1073.15
0.30095,0.5,161.42,1423.15
0.33689,0.5,432.744,1173.15
0.33684,0.1,151.528,1323.15
0.23484,1.0,483.062,1173.15
0.53525,0.5,480.078,1123.15
0.6971,0.01,60.0104,1423.15
0.31117,1.0,286.638,1273.15
0.35119,0.1,151.064,1323.15
0.46922,0.5,408.824,1173.15
0.60693,0.5,233.514,1323.15
0.14895,0.5,288.508,1273.15
0.66903,0.01,276.114,1123.15
0.2154,0.1,173.31,1273.15
0.66089,0.01,60.7414,1423.15
0.62703,0.1,159.354,1273.15
0.63287,0.1,468.05,1123.15
0.40889,0.5,198.368,1373.15
0.32912,1.0,287.992,1273.15
0.32913,1.0,354.21,1223.15
0.49451,0.1,504.608,1123.15
0.24716,0.5,294.06,1273.15
0.25691,0.5,295.18,1273.15
0.81113,1.0,198.25,1373.15
0.69703,0.5,229.516,1323.15
0.20881,1.0,355.404,1223.15
0.45734,0.1,120.586,1423.15
0.489,0.5,256.298,1293.15
0.30479,0.5,225.644,1323.15
0.61891,0.5,198.044,1373.15
0.18689,0.5,293.336,1273.15
0.17519,1.0,277.698,1273.15
0.81499,0.1,132.856,1323.15
0.72689,0.5,229.498,1323.15
0.62695,0.01,162.856,1223.15
0.20123,0.1,599.98,1123.15
0.40502,1.0,347.496,1223.15
0.37872,0.1,124.022,1423.15
0.84462,1.0,307.496,1223.15
0.35478,0.5,229.148,1323.15
0.33692,0.01,88.7252,1373.15
0.14691,0.1,147.51,1323.15
0.61889,0.5,466.27,1123.15
0.7211,1.0,314.098,1223.15
0.62909,0.01,162.18,1223.15
0.55905,0.1,144.646,1323.15
0.44906,0.5,259.504,1293.15
0.57301,1.0,414.438,1173.15
0.60702,1.0,323.89,1223.15
0.72871,1.0,267.648,1273.15
0.61273,1.0,455.644,1073.15
0.28093,0.5,549.716,1123.15
0.33519,0.5,194.596,1373.15
0.3871,0.01,69.8308,1423.15
0.53489,0.01,274.736,1173.15
0.53726,1.0,422.674,1173.15
0.30689,0.01,307.156,1173.15
0.75282,0.5,227.548,1323.15
0.80494,1.0,427.856,1073.15
0.45676,0.5,197.598,1373.15
0.1812,0.5,263.276,1293.15
0.43699,0.1,524.272,1123.15
0.65493,1.0,234.42,1323.15
0.74906,0.5,252.922,1293.15
0.32518,0.5,536.378,1123.15
0.1909,0.1,418.134,1173.15
0.22325,0.01,76.2356,1423.15
0.32683,0.1,124.788,1423.15
0.67108,1.0,202.306,1373.15
0.87878,0.1,104.38,1423.15
0.40903,1.0,211.312,1373.15
0.40901,0.01,84.899,1373.15
0.67892,1.0,441.174,1073.15
0.84877,0.01,248.518,1173.15
0.39326,0.5,518.104,1123.15
0.86996,0.5,223.466,1323.15
0.74299,0.5,326.888,1223.15
0.57306,0.5,250.832,1293.15
0.77281,0.1,444.018,1123.15
0.78271,0.1,443.152,1123.15
0.40478,0.5,167.632,1423.15
0.62275,0.01,264.432,1173.15
0.64901,0.1,466.204,1123.15
0.67114,1.0,443.086,1073.15
0.21108,0.01,109.03,1323.15
0.15874,0.1,248.492,1223.15
0.43679,0.5,414.956,1173.15
0.59903,0.5,167.948,1423.15
0.80719,0.5,161.426,1423.15
0.8807,0.01,68.7194,1373.15
0.15707,0.01,321.544,1173.15
0.64287,0.5,231.412,1323.15
0.77905,0.5,274.322,1273.15
0.41075,0.5,229.904,1323.15
0.2852,0.01,140.512,1273.15
0.49706,0.01,80.6246,1373.15
0.23521,0.01,187.864,1223.15
0.86671,0.1,104.66,1423.15
0.59695,0.5,252.348,1293.15
0.38314,1.0,286.13,1273.15
0.4611,0.5,283.806,1273.15
0.40894,0.01,295.134,1173.15
0.57482,1.0,206.116,1373.15
0.44707,0.01,332.568,1123.15
0.82282,0.01,58.5884,1423.15
0.16525,1.0,278.548,1273.15
0.4729,0.5,282.45,1273.15
0.38096,0.1,544.13,1123.15
0.84504,0.01,253.14,1123.15
0.65886,0.1,329.866,1173.15
0.18715,1.0,201.474,1373.15
0.16499,0.5,261.928,1293.15
0.88712,0.01,68.864,1373.15
0.89291,0.01,85.8992,1323.15
0.79121,0.1,106.238,1423.15
0.37499,1.0,175.332,1423.15
0.64519,0.1,239.064,1223.15
0.80705,0.1,132.614,1323.15
0.51479,0.01,172.046,1223.15
0.24713,1.0,172.398,1423.15
0.17686,1.0,199.878,1373.15
0.27104,0.1,176.902,1273.15
0.63899,1.0,321.142,1223.15
0.5087,0.1,168.404,1273.15
0.19478,1.0,639.698,1073.15
0.38511,0.5,289.176,1273.15
0.70507,1.0,314.576,1223.15
0.17516,0.5,263.866,1293.15
0.33111,0.5,339.74,1223.15
0.77313,0.01,252.362,1173.15
0.37884,0.5,195.388,1373.15
0.40663,0.1,122.544,1423.15
0.25267,0.1,257.332,1223.15
0.78698,0.01,87.8252,1323.15
0.68497,1.0,202.518,1373.15
0.49494,0.1,356.788,1173.15
0.37089,0.01,69.6688,1423.15
0.20891,0.5,337.11,1223.15
0.28512,1.0,476.058,1173.15
0.52112,0.1,352.234,1173.15
0.51686,1.0,487.934,1073.15
0.48121,1.0,434.044,1173.15
0.18302,0.01,187.864,1223.15
0.71302,0.1,109.726,1423.15
0.16714,0.5,262.042,1293.15
0.79286,0.01,87.0316,1323.15
0.83505,0.1,106.004,1423.15
0.15109,0.5,289.236,1273.15
0.48321,0.1,169.02,1273.15
0.54724,1.0,207.108,1373.15
0.75301,0.01,264.422,1123.15
0.71504,0.01,154.776,1223.15
0.36315,1.0,243.926,1323.15
0.4827,1.0,175.234,1423.15
0.48114,1.0,210.154,1373.15
0.64713,0.1,111.99,1423.15
0.75128,1.0,386.76,1173.15
0.43524,0.1,367.524,1173.15
0.57516,1.0,414.252,1173.15
0.23892,0.5,160.264,1423.15
0.74105,0.01,254.01,1173.15
0.465,0.01,286.254,1173.15
0.19516,1.0,235.626,1323.15
0.26894,1.0,206.996,1373.15
0.56881,1.0,207.7,1373.15
0.23718,0.5,294.956,1273.15
0.64881,1.0,203.902,1373.15
0.30686,1.0,174.314,1423.15
0.3829,0.01,298.95,1173.15
0.24124,0.01,93.7646,1373.15
0.59519,0.5,167.192,1423.15
0.23076,0.5,337.704,1223.15
0.48711,1.0,242.076,1323.15
0.73096,0.1,108.236,1423.15
0.63706,0.5,384.164,1173.15
0.77463,0.5,228.044,1323.15
0.21851,0.1,124.68,1423.15
0.66726,1.0,397.322,1173.15
0.83477,1.0,308.368,1223.15
0.48704,0.5,166.524,1423.15
0.51079,1.0,490.386,1073.15
0.8503,1.0,263.064,1273.15
0.42718,1.0,243.202,1323.15
0.44107,0.5,414.77,1173.15
0.54715,0.1,165.748,1273.15
0.71487,0.1,153.772,1273.15
0.44904,0.01,132.424,1273.15
0.19715,0.5,156.414,1423.15
0.63705,0.5,273.006,1273.15
0.50119,0.01,173.092,1223.15
0.62884,0.01,263.156,1173.15
0.86095,0.01,250.404,1123.15
0.49696,1.0,431.796,1173.15
0.36719,1.0,210.67,1373.15
0.87264,0.1,104.336,1423.15
0.56686,0.1,240.782,1223.15
0.76913,0.01,252.386,1173.15
0.60269,0.5,168.874,1423.15
0.68292,0.5,459.578,1123.15
0.51507,1.0,282.496,1273.15
0.75697,0.5,324.024,1223.15
0.61298,0.1,336.744,1173.15
0.68492,0.1,156.532,1273.15
0.35094,1.0,209.436,1373.15
0.83271,0.1,437.772,1123.15
0.29909,0.01,109.01,1323.15
0.21475,0.5,337.734,1223.15
0.58698,1.0,326.684,1223.15
0.28089,0.01,72.9112,1423.15
0.82516,0.01,70.1734,1373.15
0.83703,1.0,263.762,1273.15
0.67899,1.0,396.294,1173.15
0.86716,0.01,148.122,1223.15
0.75964,0.5,195.936,1373.15
0.60918,0.1,114.1,1423.15
0.17075,0.5,572.582,1123.15
0.42492,0.5,165.986,1423.15
0.59938,0.1,161.426,1273.15
0.72698,1.0,434.71,1073.15
0.59087,0.01,96.8228,1323.15
0.60493,0.01,61.9038,1423.15
0.87704,0.5,265.314,1293.15
0.25275,0.5,339.708,1223.15
0.83083,0.5,195.422,1373.15
0.56944,0.1,114.682,1423.15
0.58912,0.01,166.384,1223.15
0.54729,1.0,475.26,1073.15
0.73282,0.5,325.584,1223.15
0.19908,1.0,637.788,1073.15
0.89716,0.1,428.382,1123.15
0.69108,0.5,161.584,1423.15
0.15886,0.01,107.374,1323.15
0.88274,0.5,194.252,1373.15
0.43521,0.5,338.408,1223.15
0.59884,0.1,476.97,1123.15
0.45105,0.1,516.364,1123.15
0.64292,0.5,272.934,1273.15
0.7709,0.1,321.21,1173.15
0.43115,0.5,231.562,1323.15
0.12882,0.5,208.85,1323.15
0.32492,0.5,226.69,1323.15
0.73678,0.5,376.136,1173.15
0.48291,1.0,338.882,1223.15
0.22113,1.0,631.456,1073.15
0.41103,0.5,419.842,1173.15
0.65142,0.5,231.12,1323.15
0.77103,0.1,234.628,1223.15
0.44508,0.01,332.764,1123.15
0.44699,0.5,504.658,1123.15
0.5729,0.5,164.924,1423.15
0.22508,0.01,74.598,1423.15
0.46916,0.1,120.108,1423.15
0.52721,1.0,333.8,1223.15
0.67717,0.5,164.986,1423.15
0.5205,0.1,146.934,1323.15
0.66501,0.1,139.984,1323.15
0.51075,0.5,280.3,1273.15
0.17506,0.5,185.448,1373.15
0.30314,0.01,375.528,1123.15
0.2449,1.0,171.862,1423.15
0.83741,0.5,260.122,1293.15
0.78079,0.01,70.69,1373.15
0.47271,1.0,283.942,1273.15
0.62518,0.01,94.4644,1323.15
0.74512,0.1,108.52,1423.15
0.33898,0.1,124.624,1423.15
0.77275,0.01,71.0242,1373.15
0.79903,0.1,324.41,1173.15
0.7229,0.5,196.066,1373.15
0.43498,0.1,171.674,1273.15
0.70885,0.5,164.786,1423.15
0.15301,0.5,336.246,1223.15
0.75693,0.1,446.076,1123.15
0.77271,0.5,326.308,1223.15
0.56514,0.1,485.958,1123.15
0.27503,0.01,140.554,1273.15
0.52716,0.5,334.036,1223.15
0.34701,1.0,286.588,1273.15
0.26521,1.0,285.844,1273.15
0.84123,0.01,148.344,1223.15
0.51682,0.1,166.88,1273.15
0.17492,0.01,107.6,1323.15
0.70722,1.0,168.966,1423.15
0.83279,1.0,380.868,1173.15
0.20112,0.5,159.242,1423.15
0.64688,0.5,197.026,1373.15
0.35696,0.01,302.22,1173.15
0.7789,0.5,457.102,1123.15
0.177,0.01,108.534,1323.15
0.1431,0.5,334.114,1223.15
0.71116,0.01,156.202,1223.15
0.86116,0.5,282.012,1273.15
0.40922,1.0,287.272,1273.15
0.26294,1.0,285.67,1273.15
0.7849,0.01,87.9688,1323.15
0.84675,0.01,58.7438,1423.15
0.48483,0.5,335.878,1223.15
0.81096,0.5,325.452,1223.15
0.49912,0.01,80.62,1373.15
0.33893,0.01,138.646,1273.15
0.31885,0.5,339.084,1223.15
0.27092,1.0,476.9,1173.15
0.25516,0.5,447.412,1173.15
0.49902,1.0,495.92,1073.15
0.589,1.0,238.124,1323.15
0.35117,1.0,462.554,1173.15
0.56723,0.5,332.418,1223.15
0.32481,0.1,124.986,1423.15
0.76488,0.01,88.3836,1323.15
0.26501,1.0,239.534,1323.15
0.56911,0.01,167.338,1223.15
0.757,1.0,310.366,1223.15
0.70318,0.01,72.85,1373.15
0.31918,0.1,152.53,1323.15
0.44325,1.0,343.476,1223.15
0.35079,0.5,195.024,1373.15
0.3048,1.0,173.98,1423.15
0.74768,0.5,164.014,1423.15
0.61128,0.1,140.774,1323.15
0.60107,0.01,62.6014,1423.15
0.21709,0.1,256.108,1223.15
0.71316,0.01,116.738,1273.15
0.36495,0.5,229.828,1323.15
0.41525,1.0,210.466,1373.15
0.85218,1.0,423.13,1073.15
0.42927,0.1,371.204,1173.15
0.561,1.0,417.936,1173.15
0.33915,1.0,352.072,1223.15
0.37897,0.1,151.644,1323.15
0.42664,0.1,172.626,1273.15
0.61091,0.5,232.868,1323.15
0.5328,0.01,64.0686,1423.15
0.75894,0.01,88.7476,1323.15
0.32288,0.5,226.76,1323.15
0.32497,0.1,394.797,1173.15
0.75906,0.1,324.376,1173.15
0.31276,1.0,242.03,1323.15
0.71307,0.1,236.932,1223.15
0.8431,0.01,248.502,1173.15
0.87323,0.1,322.214,1173.15
0.74726,1.0,267.14,1273.15
0.8168,0.01,113.656,1273.15
0.44511,0.1,248.198,1223.15
0.40313,0.1,536.168,1123.15
0.40316,1.0,451.546,1173.15
0.4371,1.0,344.594,1223.15
0.25888,0.5,158.88,1423.15
0.6467,0.5,384.638,1173.15
0.87897,0.01,248.3,1123.15
0.22512,0.1,258.612,1223.15
0.24126,1.0,239.16,1323.15
0.60889,0.1,161.998,1273.15
0.13685,1.0,270.462,1273.15
0.14913,0.1,409.552,1173.15
0.68107,0.01,157.524,1223.15
0.73693,0.1,152.56,1273.15
0.38881,0.5,340.648,1223.15
0.73124,0.01,154.898,1223.15
0.62096,0.01,61.8448,1423.15
0.83348,0.5,226.212,1323.15
0.17707,1.0,233.648,1323.15
0.58888,0.5,468.66,1123.15
0.27926,0.01,186.778,1223.15
0.62107,0.1,112.764,1423.15
0.75695,0.5,375.87,1173.15
0.40281,0.01,134.798,1273.15
0.28108,0.01,92.5534,1373.15
0.58284,0.01,96.268,1323.15
0.68706,0.01,157.45,1223.15
0.80123,0.01,149.996,1223.15
0.3149,0.01,186.346,1223.15
0.18074,0.5,185.562,1373.15
0.29902,0.5,161.0,1423.15
0.36297,0.01,107.436,1323.15
0.34309,0.5,264.448,1293.15
0.42717,0.5,262.398,1293.15
0.24105,0.5,189.67,1373.15
0.19493,1.0,169.08,1423.15
0.69889,0.1,110.288,1423.15
0.81513,1.0,381.152,1173.15
0.49512,0.5,404.738,1173.15
0.79887,0.5,225.896,1323.15
0.69517,0.1,110.326,1423.15
0.22726,0.1,258.57,1223.15
0.78905,1.0,429.136,1073.15
0.55926,0.01,169.53,1223.15
0.23105,1.0,169.556,1423.15
0.899,0.01,247.25,1123.15
0.19105,0.01,92.9642,1373.15
0.33689,0.01,306.068,1173.15
0.68124,1.0,271.08,1273.15
0.60898,0.5,165.986,1423.15
0.16116,1.0,200.154,1373.15
0.1551,0.01,323.046,1173.15
0.25505,1.0,616.886,1073.15
0.22726,1.0,483.682,1173.15
0.56111,1.0,330.152,1223.15
0.81111,0.1,320.144,1173.15
0.64703,0.1,158.898,1273.15
0.32104,0.01,90.3942,1373.15
0.80276,0.1,441.49,1123.15
0.8951,0.1,429.47,1123.15
0.54304,0.5,254.074,1293.15
0.79307,0.01,69.5768,1373.15
0.45487,0.5,167.276,1423.15
0.16914,0.5,336.226,1223.15
0.30496,0.01,139.734,1273.15
0.33872,0.5,227.38,1323.15
0.82685,0.1,321.1,1173.15
0.86675,0.5,263.776,1293.15
0.75931,0.1,234.326,1223.15
0.28083,0.01,310.0,1173.15
0.45922,1.0,242.14,1323.15
0.54722,0.5,277.476,1273.15
0.56845,0.1,164.686,1273.15
0.89101,0.01,68.9524,1373.15
0.57475,0.5,391.53,1173.15
0.87286,0.01,69.0252,1373.15
0.48915,0.01,129.128,1273.15
0.63282,1.0,321.814,1223.15
0.70288,1.0,314.78,1223.15
0.897,0.01,112.002,1273.15
0.77112,1.0,310.126,1223.15
0.16492,0.1,121.176,1423.15
0.17686,0.5,263.516,1293.15
0.55309,0.1,164.258,1273.15
0.33093,0.5,194.346,1373.15
0.47907,0.01,324.488,1123.15
0.50139,0.1,244.608,1223.15
0.76306,0.01,252.706,1173.15
0.50496,0.01,101.708,1323.15
0.52695,1.0,483.524,1073.15
0.79502,1.0,167.634,1423.15
0.54887,0.01,63.4826,1423.15
0.77491,1.0,310.174,1223.15
0.24516,0.01,93.9212,1373.15
0.66283,0.5,249.976,1293.15
0.33086,0.1,152.854,1323.15
0.81708,0.01,254.644,1123.15
0.67926,0.01,118.968,1273.15
0.66578,0.5,250.232,1293.15
0.38711,0.5,339.786,1223.15
0.29686,0.01,139.782,1273.15
0.40527,1.0,174.698,1423.15
0.85092,0.5,281.01,1273.15
0.75116,1.0,230.562,1323.15
0.39089,0.01,85.752,1373.15
0.78502,0.1,149.004,1273.15
0.64894,1.0,446.138,1073.15
0.71302,0.5,455.064,1123.15
0.90879,0.01,58.1222,1423.15
0.82716,0.01,69.3888,1373.15
0.68126,1.0,395.834,1173.15
0.13093,0.1,406.214,1173.15
0.79101,0.1,148.526,1273.15
0.68325,0.1,459.178,1123.15
0.4309,0.5,337.752,1223.15
0.37705,1.0,557.204,1073.15
0.46706,0.01,327.54,1123.15
0.71097,0.5,454.944,1123.15
0.42881,0.5,337.166,1223.15
0.79074,0.1,441.564,1123.15
0.55675,0.5,232.93,1323.15
0.36895,0.01,182.784,1223.15
0.32107,1.0,585.934,1073.15
0.65153,0.5,271.636,1273.15
0.56887,0.1,240.292,1223.15
0.33719,0.5,227.442,1323.15
0.5931,0.5,329.282,1223.15
0.69111,0.01,256.734,1173.15
0.74881,1.0,266.878,1273.15
0.78705,0.01,59.3962,1423.15
0.6214,0.1,141.656,1323.15
0.30292,0.1,403.156,1173.15
0.36709,0.5,229.488,1323.15
0.21308,0.01,315.826,1173.15
0.83501,1.0,227.75,1323.15
0.351,0.01,183.82,1223.15
0.5713,1.0,329.17,1223.15
0.27118,0.01,384.376,1123.15
0.45103,1.0,442.026,1173.15
0.14499,0.01,106.584,1323.15
0.32103,1.0,470.002,1173.15
0.40297,0.5,289.074,1273.15
0.59306,1.0,326.268,1223.15
0.15524,0.5,336.306,1223.15
0.77074,0.1,444.92,1123.15
0.63727,0.01,93.8862,1323.15
0.79112,0.1,134.08,1323.15
0.67441,0.5,251.24,1293.15
0.51712,0.5,199.972,1373.15
0.31902,0.1,397.42,1173.15
0.56914,0.01,124.822,1273.15
0.63304,0.5,163.0,1423.15
0.27707,1.0,239.592,1323.15
0.35498,0.01,70.1542,1423.15
0.42086,0.1,150.51,1323.15
0.57481,0.5,250.882,1293.15
0.72353,0.5,253.622,1293.15
0.57877,0.01,270.18,1173.15
0.29083,1.0,600.962,1073.15
0.22522,0.01,109.442,1323.15
0.3648,1.0,286.444,1273.15
0.45899,0.1,169.834,1273.15
0.49496,1.0,283.22,1273.15
0.42332,0.1,171.876,1273.15
0.51718,0.01,65.1664,1423.15
0.28289,0.5,161.362,1423.15
0.81075,0.01,69.7762,1373.15
0.78722,0.01,259.376,1123.15
0.57326,1.0,237.946,1323.15
0.53879,0.5,197.802,1373.15
0.8988,0.01,112.134,1273.15
0.35721,1.0,462.114,1173.15
0.78699,1.0,309.496,1223.15
0.82516,0.5,162.392,1423.15
0.56295,0.01,98.4052,1323.15
0.22523,0.01,187.854,1223.15
0.75722,1.0,229.666,1323.15
0.80727,0.5,226.476,1323.15
0.13898,0.1,160.684,1273.15
0.18305,1.0,234.22,1323.15
0.70108,0.01,256.478,1173.15
0.48495,0.01,321.072,1123.15
0.24107,0.01,140.052,1273.15
0.45102,0.01,131.65,1273.15
0.19309,0.5,337.096,1223.15
0.63087,0.5,463.596,1123.15
0.52121,0.01,126.54,1273.15
0.62291,0.5,231.684,1323.15
0.63906,0.5,165.76,1423.15
0.46498,0.1,169.816,1273.15
0.35708,0.1,251.884,1223.15
0.43681,0.1,249.206,1223.15
0.819,0.01,86.719,1323.15
0.17513,0.01,138.064,1273.15
0.29313,1.0,599.878,1073.15
0.19109,0.5,263.144,1293.15
0.22478,0.5,294.078,1273.15
0.23525,0.5,266.15,1293.15
0.29291,0.01,186.474,1223.15
0.25518,0.01,311.93,1173.15
0.18275,0.01,413.562,1123.15
0.13487,0.5,288.204,1273.15
0.72303,0.01,254.69,1173.15
0.39913,0.01,68.4066,1423.15
0.40277,0.5,262.324,1293.15
0.26502,0.1,125.974,1423.15
0.66904,1.0,270.77,1273.15
0.6052,0.5,252.686,1293.15
0.17924,1.0,645.392,1073.15
0.37513,0.5,290.2,1273.15
0.3752,1.0,210.532,1373.15
0.73089,0.01,89.9254,1323.15
0.83481,1.0,166.792,1423.15
0.22114,0.5,267.032,1293.15
0.7508,0.1,235.498,1223.15
0.15694,0.5,290.938,1273.15
0.41285,1.0,346.734,1223.15
0.37081,0.5,338.88,1223.15
0.51305,1.0,208.606,1373.15
0.42724,0.5,510.272,1123.15
0.53522,0.5,168.244,1423.15
0.76725,0.5,227.394,1323.15
0.46922,1.0,437.132,1173.15
0.53474,0.5,231.912,1323.15
0.48088,0.1,360.208,1173.15
0.52114,0.5,167.7,1423.15
0.35709,0.1,151.662,1323.15
0.16684,0.1,151.066,1323.15
0.57106,1.0,207.028,1373.15
0.84331,0.01,69.4494,1373.15
0.14277,0.5,182.884,1373.15
0.42903,0.5,262.118,1293.15
0.81273,0.01,114.124,1273.15
0.62282,0.01,162.948,1223.15
0.37308,0.5,195.696,1373.15
0.78498,1.0,266.196,1273.15
0.18525,0.1,599.254,1123.15
0.77279,0.5,274.65,1273.15
0.31878,1.0,354.662,1223.15
0.1748,0.1,416.474,1173.15
0.86893,0.5,160.314,1423.15
0.13096,1.0,195.608,1373.15
0.64682,1.0,320.112,1223.15
0.51075,0.01,128.282,1273.15
0.4871,0.01,174.014,1223.15
0.60673,0.01,265.404,1173.15
0.59314,0.1,476.946,1123.15
0.57544,0.1,164.124,1273.15
0.1308,0.5,464.388,1173.15
0.74898,1.0,230.732,1323.15
0.29079,0.01,72.4248,1423.15
0.70316,0.1,236.026,1223.15
0.24895,1.0,284.254,1273.15
0.49907,0.5,281.62,1273.15
0.88323,0.5,226.338,1323.15
0.31883,1.0,586.998,1073.15
0.15712,0.01,421.506,1123.15
0.35288,0.5,430.84,1173.15
0.17123,0.1,599.756,1123.15
0.33524,0.5,266.632,1293.15
0.31719,1.0,242.198,1323.15
0.46704,0.1,170.364,1273.15
0.5709,0.01,97.3056,1323.15
0.82094,1.0,198.896,1373.15
0.73894,0.1,135.396,1323.15
0.59927,0.5,274.166,1273.15
0.72505,1.0,168.956,1423.15
0.83678,0.01,69.098,1373.15
0.24486,0.1,156.634,1323.15
0.22506,0.1,597.856,1123.15
0.43479,1.0,445.476,1173.15
0.48504,0.5,494.86,1123.15
0.8589,0.1,323.562,1173.15
0.14113,0.1,162.428,1273.15
0.33281,1.0,242.56,1323.15
0.13323,0.5,257.38,1293.15
0.59058,0.1,144.268,1323.15
0.76506,0.5,160.536,1423.15
0.68685,1.0,170.79,1423.15
0.65123,0.5,462.132,1123.15
0.61887,0.01,121.32,1273.15
0.42906,0.1,246.92,1223.15
0.85888,0.01,250.588,1123.15
0.27095,0.01,141.196,1273.15
0.63287,0.5,274.146,1273.15
0.58914,1.0,411.748,1173.15
0.27896,0.1,125.802,1423.15
0.35904,0.01,137.62,1273.15
0.20886,0.5,157.332,1423.15
0.41282,0.5,229.72,1323.15
0.62715,0.5,384.74,1173.15
0.47285,0.01,66.2346,1423.15
0.55144,0.1,116.766,1423.15
0.43084,1.0,446.674,1173.15
0.50305,0.5,404.784,1173.15
0.86504,0.1,143.72,1273.15
0.2792,0.5,191.508,1373.15
0.37114,0.1,174.296,1273.15
0.76676,0.1,107.88,1423.15
0.41687,0.5,339.072,1223.15
0.34877,0.5,530.376,1123.15
0.21315,0.01,109.006,1323.15
0.29895,0.5,440.306,1173.15
0.215,1.0,281.642,1273.15
0.34874,0.5,340.022,1223.15
0.41884,1.0,286.804,1273.15
0.68322,1.0,316.324,1223.15
0.41123,0.01,135.858,1273.15
0.46474,0.01,81.6668,1373.15
0.33289,0.1,152.29,1323.15
0.76313,0.1,149.994,1273.15
0.81912,0.01,249.21,1173.15
0.48284,1.0,434.012,1173.15
0.79668,0.5,225.928,1323.15
0.30315,1.0,594.636,1073.15
0.83119,1.0,227.978,1323.15
0.72733,0.5,163.232,1423.15
0.25924,0.01,388.578,1123.15
0.16104,1.0,276.19,1273.15
0.35095,0.01,108.136,1323.15
0.67305,0.01,258.598,1173.15
0.28911,1.0,601.768,1073.15
0.42493,0.01,293.476,1173.15
0.56082,0.01,97.4758,1323.15
0.63673,0.01,161.89,1223.15
0.7932,0.1,106.4,1423.15
0.16709,0.01,417.274,1123.15
0.58488,0.5,468.038,1123.15
0.83256,0.1,145.17,1273.15
0.61312,0.5,466.88,1123.15
0.55904,0.5,254.732,1293.15
0.56269,0.1,345.142,1173.15
0.77911,1.0,429.706,1073.15
0.24077,0.01,75.2678,1423.15
0.67299,0.5,272.186,1273.15
0.72664,0.5,253.576,1293.15
0.22299,0.1,596.786,1123.15
0.85891,0.01,68.7774,1373.15
0.23276,0.5,561.66,1123.15
0.68709,0.01,60.4526,1423.15
0.16913,0.1,168.0,1273.15
0.58128,1.0,237.308,1323.15
0.67286,0.1,330.82,1173.15
0.19718,0.01,75.9276,1423.15
0.79047,0.5,275.45,1273.15
0.59489,0.1,143.644,1323.15
0.47514,1.0,174.512,1423.15
0.79298,0.1,133.726,1323.15
0.73304,0.01,116.328,1273.15
0.33291,0.01,138.272,1273.15
0.74314,0.5,459.206,1123.15
0.63483,1.0,171.02,1423.15
0.65108,1.0,445.862,1073.15
0.49913,0.5,198.47,1373.15
0.70295,1.0,169.2,1423.15
0.35925,1.0,287.372,1273.15
0.39697,0.1,376.284,1173.15
0.47127,0.5,258.464,1293.15
0.81676,0.1,438.52,1123.15
0.62086,0.01,95.4118,1323.15
0.8562,0.5,192.438,1373.15
0.57493,0.01,297.418,1123.15
0.17891,0.1,249.552,1223.15
0.35679,0.1,550.068,1123.15
0.81489,0.5,277.96,1273.15
0.55482,0.01,168.762,1223.15
0.15116,1.0,493.134,1173.15
0.1351,0.5,569.454,1123.15
0.49531,0.1,168.484,1273.15
0.42476,0.5,416.978,1173.15
0.44915,0.5,413.892,1173.15
0.62893,0.1,159.528,1273.15
0.83279,0.01,253.424,1123.15
0.52473,0.5,278.394,1273.15
0.28079,1.0,239.946,1323.15
0.90288,0.01,69.303,1373.15
0.33086,0.5,292.388,1273.15
0.50283,0.5,488.308,1123.15
0.36895,0.01,136.738,1273.15
0.8371,0.01,58.6808,1423.15
0.26487,0.5,191.218,1373.15
0.89677,0.01,145.952,1223.15
0.2649,1.0,612.114,1073.15
0.57855,0.1,115.158,1423.15
0.20897,0.5,264.192,1293.15
0.75906,0.5,272.884,1273.15
0.22097,1.0,169.394,1423.15
0.56076,0.5,233.112,1323.15
0.52915,0.5,232.752,1323.15
0.59528,1.0,238.454,1323.15
0.53681,0.01,170.198,1223.15
0.8828,0.1,431.23,1123.15
0.32676,0.5,536.302,1123.15
0.4889,0.1,358.23,1173.15
0.82885,0.5,374.844,1173.15
0.77902,0.1,234.548,1223.15
0.61893,0.5,165.2,1423.15
0.49104,0.01,281.034,1173.15
0.61483,0.5,385.668,1173.15
0.56489,0.1,240.962,1223.15
0.76506,0.01,252.074,1173.15
0.87115,0.01,85.9986,1323.15
0.52883,1.0,424.404,1173.15
0.27527,0.01,187.332,1223.15
0.67286,0.01,61.0494,1423.15
0.63307,0.1,160.002,1273.15
0.42678,0.01,133.98,1273.15
0.7366,0.5,195.878,1373.15
0.36894,0.01,107.374,1323.15
0.45485,1.0,342.98,1223.15
0.56096,0.1,144.314,1323.15
0.56903,0.01,63.4196,1423.15
0.50703,0.01,278.894,1173.15
0.7954,0.5,257.032,1293.15
0.70479,0.01,90.6794,1323.15
0.67485,0.5,327.35,1223.15
0.74088,0.5,458.51,1123.15
0.68311,0.5,378.456,1173.15
0.43317,0.5,260.794,1293.15
0.24084,0.5,449.452,1173.15
0.82108,0.5,278.734,1273.15
0.2512,0.01,312.44,1173.15
0.37139,0.1,124.754,1423.15
0.28916,1.0,240.482,1323.15
0.18903,0.01,75.1332,1423.15
0.42093,0.5,287.054,1273.15
0.44308,1.0,523.61,1073.15
0.90494,0.01,112.082,1273.15
0.22307,0.1,418.666,1173.15
0.60325,1.0,457.686,1073.15
0.74906,1.0,310.442,1223.15
0.88482,0.01,245.48,1173.15
0.65283,0.5,196.956,1373.15
0.35679,1.0,351.668,1223.15
0.27515,0.01,381.562,1123.15
0.7888,1.0,265.48,1273.15
0.81516,0.01,255.584,1123.15
0.63094,0.01,61.8342,1423.15
0.21511,0.5,158.954,1423.15
0.84719,0.01,248.448,1173.15
0.51496,0.1,245.558,1223.15
0.35689,0.5,163.896,1423.15
0.23692,0.1,415.766,1173.15
0.20926,1.0,170.044,1423.15
0.4612,0.1,119.706,1423.15
0.67098,0.1,238.598,1223.15
0.28883,0.01,92.3224,1373.15
0.69098,0.1,138.184,1323.15
0.55703,0.1,164.114,1273.15
0.8649,0.01,247.124,1173.15
0.42302,0.1,151.256,1323.15
0.27708,0.1,584.642,1123.15
0.86707,0.01,112.88,1273.15
0.34514,0.5,433.052,1173.15
0.65512,0.5,381.266,1173.15
0.14684,0.5,288.32,1273.15
0.42087,0.01,291.466,1173.15
0.60491,0.01,121.734,1273.15
0.59864,0.1,114.96,1423.15
0.33295,0.5,227.992,1323.15
0.35891,1.0,208.866,1373.15
0.46746,0.1,362.078,1173.15
0.21886,0.5,452.954,1173.15
0.20102,0.5,218.976,1323.15
0.80082,1.0,198.958,1373.15
0.80077,0.1,107.842,1423.15
0.39108,0.01,107.092,1323.15
0.40917,0.1,148.768,1323.15
0.22104,0.5,452.586,1173.15
0.74279,0.01,71.7946,1373.15
0.21095,1.0,634.656,1073.15
0.58104,0.5,469.722,1123.15
0.141,1.0,227.87,1323.15
0.61686,0.5,330.52,1223.15
0.5309,0.1,167.184,1273.15
0.77293,0.1,148.69,1273.15
0.28516,0.1,124.944,1423.15
0.39515,0.1,151.04,1323.15
0.21889,0.1,154.292,1323.15
0.88555,0.5,464.286,1123.15
0.34297,1.0,351.632,1223.15
0.19097,0.5,569.032,1123.15
0.3149,1.0,174.296,1423.15
0.34104,0.5,292.27,1273.15
0.72704,1.0,267.142,1273.15
0.62104,1.0,235.744,1323.15
0.83129,0.5,160.068,1423.15
0.73509,1.0,313.048,1223.15
0.52724,1.0,208.888,1373.15
0.49126,1.0,433.13,1173.15
0.30283,1.0,353.436,1223.15
0.67702,0.5,379.098,1173.15
0.68496,0.5,230.792,1323.15
0.34299,0.1,124.522,1423.15
0.28284,1.0,476.816,1173.15
0.82513,1.0,166.474,1423.15
0.83696,1.0,166.654,1423.15
0.20311,0.5,336.698,1223.15
0.13092,1.0,654.022,1073.15
0.18876,0.5,569.248,1123.15
0.39112,0.1,150.726,1323.15
0.38277,1.0,174.454,1423.15
0.63688,0.01,120.114,1273.15
0.75091,1.0,200.494,1373.15
0.24278,0.5,559.57,1123.15
0.617,0.5,198.274,1373.15
0.81287,1.0,308.554,1223.15
0.16905,0.1,121.876,1423.15
0.74489,0.01,59.2188,1423.15
0.23499,0.5,189.748,1373.15
0.74878,0.01,88.6888,1323.15
0.53727,1.0,332.762,1223.15
0.66488,0.5,327.714,1223.15
0.20689,0.5,265.136,1293.15
0.18318,0.5,262.834,1293.15
0.23496,0.5,561.064,1123.15
0.7431,0.1,236.58,1223.15
0.74279,0.1,153.05,1273.15
0.38881,1.0,349.746,1223.15
0.16071,0.1,248.104,1223.15
0.24274,0.5,189.428,1373.15
0.50282,0.01,316.234,1123.15
0.16907,0.5,215.768,1323.15
0.25473,1.0,356.342,1223.15
0.58884,0.1,240.298,1223.15
0.72717,0.1,152.332,1273.15
0.38912,0.01,350.266,1123.15
0.17082,0.5,262.894,1293.15
0.49916,0.01,129.392,1273.15
0.46301,0.5,198.49,1373.15
0.82884,0.01,58.8826,1423.15
0.78468,0.1,107.068,1423.15
0.21717,1.0,632.972,1073.15
0.86861,0.1,104.326,1423.15
0.16907,0.01,137.176,1273.15
0.51123,0.1,353.454,1173.15
0.91108,0.01,246.21,1123.15
0.81878,1.0,198.736,1373.15
0.49326,0.5,335.318,1223.15
0.22318,0.01,316.908,1173.15
0.84484,0.5,280.684,1273.15
0.35497,1.0,569.936,1073.15
0.22286,1.0,485.51,1173.15
0.84097,1.0,227.56,1323.15
0.21125,0.01,76.2122,1423.15
0.70525,0.01,72.8554,1373.15
0.32278,0.5,193.948,1373.15
0.25297,1.0,206.84,1373.15
0.34103,0.5,194.97,1373.15
0.19715,1.0,355.722,1223.15
0.81082,0.1,234.024,1223.15
0.75488,0.1,134.604,1323.15
0.58081,0.1,240.792,1223.15
0.26919,1.0,239.416,1323.15
0.41901,0.5,261.194,1293.15
0.67064,0.1,157.252,1273.15
0.15883,0.1,119.706,1423.15
0.21496,1.0,633.666,1073.15
0.1512,0.01,73.9044,1423.15
0.65548,0.5,251.532,1293.15
0.15676,0.1,598.816,1123.15
0.54094,0.5,279.018,1273.15
0.54075,0.01,63.87,1423.15
0.18882,0.5,154.97,1423.15
0.30484,0.01,185.608,1223.15
0.75114,0.01,264.278,1123.15
0.70318,0.01,157.328,1223.15
0.20078,1.0,169.516,1423.15
0.75703,1.0,265.626,1273.15
0.207,1.0,203.686,1373.15
0.15923,0.5,291.776,1273.15
0.73108,0.1,449.622,1123.15
0.75124,1.0,432.838,1073.15
0.33093,0.01,138.482,1273.15
0.68912,1.0,170.82,1423.15
0.54891,1.0,331.242,1223.15
0.249,0.5,449.31,1173.15
0.46852,0.1,361.864,1173.15
0.22296,1.0,356.968,1223.15
0.8731,0.5,374.05,1173.15
0.74916,0.01,152.736,1223.15
0.29738,0.1,255.782,1223.15
0.52277,0.1,496.144,1123.15
0.24694,0.5,159.918,1423.15
0.28696,0.1,406.996,1173.15
0.88878,0.1,142.624,1273.15
0.37684,0.1,544.764,1123.15
0.61101,1.0,407.434,1173.15
0.62461,0.1,141.962,1323.15
0.45881,1.0,342.696,1223.15
0.76901,0.01,59.3106,1423.15
0.46287,0.01,82.4074,1373.15
0.62902,0.01,61.6588,1423.15
0.87695,0.5,195.558,1373.15
0.68899,0.1,326.2,1173.15
0.22497,1.0,283.318,1273.15
0.59105,0.5,166.43,1423.15
0.81305,0.5,162.482,1423.15
0.33128,1.0,467.142,1173.15
0.14702,1.0,652.762,1073.15
0.29874,1.0,597.202,1073.15
0.35283,0.5,291.182,1273.15
0.8505,0.5,163.276,1423.15
0.89102,0.1,104.124,1423.15
0.88519,0.01,68.9996,1373.15
0.83111,0.1,233.86,1223.15
0.49092,0.1,357.938,1173.15
0.75088,0.5,458.454,1123.15
0.75701,0.1,323.674,1173.15
0.37511,0.1,250.38,1223.15
0.14101,0.5,212.46,1323.15
0.30504,1.0,241.738,1323.15
0.83899,0.01,86.3476,1323.15
0.7172,1.0,169.812,1423.15
0.85299,0.5,161.244,1423.15
0.48283,0.01,102.316,1323.15
0.16098,0.01,108.67,1323.15
0.76321,0.01,152.94,1223.15
0.88115,0.5,265.006,1293.15
0.16104,0.01,74.293,1423.15
0.78678,0.01,251.242,1173.15
0.19715,0.01,318.894,1173.15
0.46911,1.0,174.954,1423.15
0.12896,0.01,89.6994,1373.15
0.45508,0.5,412.312,1173.15
0.73122,0.1,152.96,1273.15
0.68168,0.5,230.254,1323.15
0.86618,0.5,160.826,1423.15
0.20106,0.5,568.744,1123.15
0.51314,0.01,312.15,1123.15
0.87097,0.01,68.6348,1373.15
0.77109,0.1,149.5,1273.15
0.88854,0.5,464.394,1123.15
0.33477,0.5,535.93,1123.15
0.81319,0.5,374.078,1173.15
0.52121,0.5,335.11,1223.15
0.58681,0.01,267.098,1173.15
0.72516,0.01,267.728,1123.15
0.395,0.1,374.884,1173.15
0.28097,0.5,266.262,1293.15
0.37295,0.01,300.506,1173.15
0.69675,0.5,163.214,1423.15
0.55855,0.1,345.742,1173.15
0.48101,0.5,283.152,1273.15
0.63898,0.5,327.608,1223.15
0.77708,0.01,115.59,1273.15
0.82501,0.5,458.95,1123.15
0.76883,1.0,431.03,1073.15
0.5232,0.5,199.788,1373.15
0.52921,0.01,64.1394,1423.15
0.58277,0.01,166.554,1223.15
0.85694,0.01,250.754,1123.15
0.27492,1.0,206.92,1373.15
0.46303,0.01,176.08,1223.15
0.80482,0.01,251.052,1173.15
0.34886,0.01,360.38,1123.15
0.36113,0.01,70.1942,1423.15
0.66097,0.01,259.58,1173.15
0.74679,0.01,59.2434,1423.15
0.20711,1.0,635.756,1073.15
0.68872,1.0,232.516,1323.15
0.85506,0.01,246.982,1173.15
0.34082,0.01,362.476,1123.15
0.32921,0.01,108.972,1323.15
0.19304,0.01,318.216,1173.15
0.39699,0.01,347.226,1123.15
0.61097,0.1,237.504,1223.15
0.61904,1.0,407.418,1173.15
0.87087,0.5,195.092,1373.15
0.72898,0.01,116.92,1273.15
0.87511,0.01,112.758,1273.15
0.81112,0.1,107.398,1423.15
0.42122,1.0,347.09,1223.15
0.36292,0.1,251.494,1223.15
0.42452,0.1,171.948,1273.15
0.73321,0.01,266.696,1123.15
0.67512,0.01,92.727,1323.15
0.69915,1.0,169.602,1423.15
0.77512,1.0,229.008,1323.15
0.54081,0.01,98.6934,1323.15
0.15298,0.5,155.72,1423.15
0.19119,0.5,217.656,1323.15
0.26886,0.5,338.664,1223.15
0.73089,0.1,237.27,1223.15
0.33702,0.5,535.868,1123.15
0.57911,0.5,198.164,1373.15
0.76501,1.0,264.628,1273.15
0.59909,0.1,339.088,1173.15
0.37714,0.5,290.202,1273.15
0.43716,1.0,175.628,1423.15
0.18092,0.5,337.666,1223.15
0.90499,0.1,428.304,1123.15
0.25114,0.1,413.748,1173.15
0.75526,0.5,164.084,1423.15
0.65275,1.0,203.748,1373.15
0.40885,0.5,419.97,1173.15
0.39521,0.1,172.342,1273.15
0.27722,0.5,445.014,1173.15
0.87465,0.1,104.308,1423.15
0.41086,0.1,530.832,1123.15
0.1808,0.1,169.82,1273.15
0.37501,0.5,263.84,1293.15
0.81499,1.0,198.26,1373.15
0.45726,1.0,516.482,1073.15
0.28294,0.1,125.474,1423.15
0.49118,0.5,335.332,1223.15
0.17882,1.0,200.386,1373.15
0.20108,0.01,317.484,1173.15
0.46488,1.0,284.906,1273.15
0.21475,0.01,403.446,1123.15
0.1791,1.0,167.79,1423.15
0.46518,0.01,131.216,1273.15
0.33319,0.5,432.976,1173.15
0.33906,0.5,433.438,1173.15
0.78898,0.5,255.376,1293.15
0.65504,0.5,231.214,1323.15
0.63697,1.0,170.85,1423.15
0.81702,0.1,106.262,1423.15
0.80681,0.5,457.412,1123.15
0.58504,0.1,478.536,1123.15
0.26086,1.0,477.202,1173.15
0.66508,1.0,170.456,1423.15
0.70313,0.5,166.014,1423.15
0.7232,0.1,136.038,1323.15
0.67522,0.01,74.0332,1373.15
0.26307,1.0,355.556,1223.15
0.52746,0.1,145.73,1323.15
0.20318,0.01,108.596,1323.15
0.16708,0.5,154.368,1423.15
0.73916,0.01,153.816,1223.15
0.55281,1.0,280.534,1273.15
0.53102,0.5,398.29,1173.15
0.19108,0.1,168.996,1273.15
0.31674,0.5,266.704,1293.15
0.60323,0.5,199.256,1373.15
0.17287,0.5,292.862,1273.15
0.69298,1.0,438.19,1073.15
0.55892,1.0,471.574,1073.15
0.15691,0.5,461.778,1173.15
0.42884,0.01,291.33,1173.15
0.50325,0.1,169.016,1273.15
0.77267,0.5,194.524,1373.15
0.46661,0.5,283.776,1273.15
0.45099,0.1,246.302,1223.15
0.34687,0.01,360.916,1123.15
0.19708,0.1,599.332,1123.15
0.57499,0.1,482.98,1123.15
0.48099,1.0,284.182,1273.15
0.42287,0.5,165.716,1423.15
0.67888,0.5,272.12,1273.15
0.71076,1.0,231.15,1323.15
0.18718,1.0,233.756,1323.15
0.4432,0.01,290.824,1173.15
0.69519,0.01,72.8984,1373.15
0.44119,1.0,174.988,1423.15
0.17709,0.01,188.098,1223.15
0.25722,0.01,312.29,1173.15
0.58748,0.5,253.036,1293.15
0.63703,1.0,402.496,1173.15
0.83496,0.5,259.428,1293.15
0.33707,1.0,579.102,1073.15
0.86288,0.1,233.17,1223.15
0.59722,0.01,267.59,1173.15
0.28917,0.1,254.99,1223.15
0.67719,0.1,236.348,1223.15
0.51094,0.01,278.054,1173.15
0.20113,0.1,255.476,1223.15
0.55113,1.0,239.62,1323.15
0.47076,1.0,242.834,1323.15
0.47897,0.5,407.312,1173.15
0.40105,0.01,345.592,1123.15
0.25268,0.1,126.046,1423.15
0.5128,0.01,277.34,1173.15
0.55717,0.5,277.024,1273.15
0.43898,0.1,170.9,1273.15
0.67687,0.1,138.41,1323.15
0.13083,1.0,162.812,1423.15
0.16711,0.01,321.49,1173.15
0.62909,0.01,74.7074,1373.15
0.19086,0.5,457.96,1173.15
0.65888,0.1,139.604,1323.15
0.25492,0.1,590.648,1123.15
0.187,1.0,354.174,1223.15
0.16277,0.5,335.258,1223.15
0.73712,1.0,200.6,1373.15
0.26888,0.5,553.272,1123.15
0.67499,0.1,329.652,1173.15
0.84527,0.01,69.282,1373.15
0.22077,1.0,356.928,1223.15
0.46678,0.01,177.24,1223.15
0.4551,1.0,175.42,1423.15
0.72107,0.1,451.878,1123.15
0.32892,0.01,138.576,1273.15
0.77073,0.01,262.128,1123.15
0.3428,0.01,109.246,1323.15
0.58525,1.0,172.818,1423.15
0.67321,0.5,327.372,1223.15
0.72307,0.01,116.184,1273.15
0.51903,0.5,280.308,1273.15
0.46909,0.1,169.948,1273.15
0.22695,0.1,154.512,1323.15
0.44875,1.0,286.152,1273.15
0.68273,1.0,202.384,1373.15
0.48097,0.01,66.053,1423.15
0.30111,1.0,173.16,1423.15
0.80713,0.1,321.022,1173.15
0.44931,1.0,342.954,1223.15
0.27113,0.01,92.5942,1373.15
0.76507,0.5,325.422,1223.15
0.33672,1.0,242.456,1323.15
0.22916,0.5,221.32,1323.15
0.70702,0.5,327.414,1223.15
0.38108,0.5,229.78,1323.15
0.73315,0.01,154.302,1223.15
0.25722,1.0,615.398,1073.15
0.67504,1.0,396.818,1173.15
0.36476,0.01,69.7466,1423.15
0.13907,0.1,117.524,1423.15
0.74081,0.01,89.3834,1323.15
0.69294,1.0,314.918,1223.15
0.3489,0.01,89.1158,1373.15
0.41894,1.0,449.388,1173.15
0.38086,0.5,195.102,1373.15
0.43898,0.5,285.346,1273.15
0.61497,0.5,250.702,1293.15
0.37484,0.1,151.4,1323.15
0.43711,0.1,149.13,1323.15
0.47285,0.01,323.124,1123.15
0.52305,1.0,174.09,1423.15
0.65882,0.5,250.916,1293.15
0.45677,0.1,149.444,1323.15
0.17705,0.01,137.092,1273.15
0.36697,0.01,182.848,1223.15
0.433,0.01,133.368,1273.15
0.45668,0.1,362.95,1173.15
0.30485,0.01,307.978,1173.15
0.26896,0.1,256.608,1223.15
0.46916,0.01,103.112,1323.15
0.83102,1.0,166.32,1423.15
0.63525,1.0,274.364,1273.15
0.55288,0.01,98.0486,1323.15
0.19303,0.01,93.0656,1373.15
0.42304,1.0,532.774,1073.15
0.72308,0.5,455.418,1123.15
0.23317,0.1,258.958,1223.15
0.22108,0.01,94.0036,1373.15
0.71122,0.01,60.279,1423.15
0.45702,0.01,328.48,1123.15
0.831,0.1,324.296,1173.15
0.2828,0.5,191.818,1373.15
0.81719,0.01,249.164,1173.15
0.26492,0.5,295.106,1273.15
0.15894,0.5,152.706,1423.15
0.36077,0.5,165.462,1423.15
0.58908,0.01,122.884,1273.15
0.6392,0.5,383.74,1173.15
0.22712,0.01,93.7002,1373.15
0.20509,0.01,137.91,1273.15
0.55706,0.01,167.888,1223.15
0.74477,0.5,253.004,1293.15
0.42486,1.0,284.712,1273.15
0.85707,0.01,69.0614,1373.15
0.38273,1.0,554.698,1073.15
0.38298,0.5,164.304,1423.15
0.70509,0.01,117.392,1273.15
0.82315,1.0,166.92,1423.15
0.7867,0.1,235.124,1223.15
0.789,0.01,87.6788,1323.15
0.50321,1.0,241.978,1323.15
0.79301,0.5,275.024,1273.15
0.20119,0.5,455.838,1173.15
0.21915,0.01,139.75,1273.15
0.49096,0.1,119.694,1423.15
0.59499,0.5,252.348,1293.15
0.33894,1.0,242.438,1323.15
0.43279,0.5,166.3,1423.15
0.88942,0.1,232.122,1223.15
0.61916,0.01,162.574,1223.15
0.81873,0.5,259.936,1293.15
0.28691,0.5,294.246,1273.15
0.30122,1.0,207.942,1373.15
0.52681,0.1,167.324,1273.15
0.68873,0.1,458.608,1123.15
0.89526,0.5,370.938,1173.15
0.37668,0.1,124.672,1423.15
0.39937,0.1,174.2,1273.15
0.78317,1.0,199.794,1373.15
0.31299,0.1,399.672,1173.15
0.71882,0.01,117.158,1273.15
0.22107,0.01,109.476,1323.15
0.40109,0.01,68.0668,1423.15
0.74302,0.1,448.81,1123.15
0.13899,0.1,409.18,1173.15
0.19691,1.0,638.764,1073.15
0.81292,0.5,194.582,1373.15
0.24276,1.0,171.13,1423.15
0.53905,1.0,207.922,1373.15
0.82482,0.1,132.364,1323.15
0.14906,0.5,463.01,1173.15
0.301,1.0,288.522,1273.15
0.18308,0.1,122.596,1423.15
0.47867,0.1,246.986,1223.15
0.76698,0.5,255.064,1293.15
0.55315,0.01,302.906,1123.15
0.66643,0.5,164.402,1423.15
0.44106,1.0,343.864,1223.15
0.89091,0.5,286.784,1273.15
0.3069,0.01,139.66,1273.15
0.20711,0.01,317.588,1173.15
0.2169,0.5,159.454,1423.15
0.1589,0.1,164.82,1273.15
0.47504,0.1,148.318,1323.15
0.72899,0.1,108.074,1423.15
0.69361,0.5,272.14,1273.15
0.85265,0.5,281.65,1273.15
0.35117,0.5,431.198,1173.15
0.54693,0.01,63.948,1423.15
0.18724,0.1,599.462,1123.15
0.68523,0.1,458.722,1123.15
0.25056,0.1,125.502,1423.15
0.78302,0.5,195.436,1373.15
0.33293,1.0,466.668,1173.15
0.70713,0.5,165.306,1423.15
0.77698,0.5,373.384,1173.15
0.14506,0.5,258.678,1293.15
0.34886,0.1,173.456,1273.15
0.73505,0.5,458.088,1123.15
0.49125,0.5,494.176,1123.15
0.86351,0.5,194.436,1373.15
0.13917,1.0,270.858,1273.15
0.39716,0.5,422.664,1173.15
0.84147,0.5,325.386,1223.15
0.18114,0.1,122.974,1423.15
0.62106,0.1,239.714,1223.15
0.71479,0.1,453.418,1123.15
0.7949,0.01,59.119,1423.15
0.65705,0.5,250.594,1293.15
0.52851,0.1,146.226,1323.15
0.58291,1.0,464.064,1073.15
0.31898,0.5,293.82,1273.15
0.48888,1.0,283.472,1273.15
0.88905,0.01,58.1004,1423.15
0.84407,1.0,197.954,1373.15
0.88049,0.5,463.572,1123.15
0.81481,0.1,147.858,1273.15
0.54519,0.5,480.488,1123.15
0.49908,0.1,119.038,1423.15
0.8091,1.0,308.53,1223.15
0.31489,1.0,589.322,1073.15
0.41304,0.01,68.5152,1423.15
0.65105,0.01,260.978,1173.15
0.46899,1.0,510.366,1073.15
0.70894,0.01,90.7552,1323.15
0.47691,1.0,434.686,1173.15
0.737,0.1,109.226,1423.15
0.37513,1.0,458.398,1173.15
0.36877,0.5,264.952,1293.15
0.7251,0.01,90.2082,1323.15
0.36687,0.5,166.57,1423.15
0.38118,0.5,339.312,1223.15
0.74123,0.5,229.116,1323.15
0.39109,0.01,68.2282,1423.15
0.82915,1.0,263.808,1273.15
0.1491,0.5,573.61,1123.15
0.707,1.0,200.664,1373.15
0.5468,0.5,396.986,1173.15
0.34723,0.01,70.6818,1423.15
0.48328,0.1,508.886,1123.15
0.72115,1.0,200.16,1373.15
0.53889,1.0,332.346,1223.15
0.70314,0.01,256.644,1173.15
0.16079,0.5,152.696,1423.15
0.50481,1.0,241.968,1323.15
0.59102,0.01,122.898,1273.15
0.58522,0.5,276.446,1273.15
0.67319,0.1,461.502,1123.15
0.74286,0.5,271.748,1273.15
0.59702,0.1,239.69,1223.15
0.73262,0.5,196.374,1373.15
0.26707,0.01,310.658,1173.15
0.27116,0.01,186.78,1223.15
0.25306,0.5,160.746,1423.15
0.46305,1.0,242.272,1323.15
0.50873,1.0,174.884,1423.15
0.90109,0.1,131.788,1323.15
0.13898,0.1,596.14,1123.15
0.67688,0.1,157.466,1273.15
0.60505,0.01,76.1194,1373.15
0.79684,1.0,167.74,1423.15
0.67847,0.5,197.686,1373.15
0.16481,0.5,335.74,1223.15
0.88636,0.5,265.326,1293.15
0.14522,0.1,162.296,1273.15
0.47685,0.5,257.77,1293.15
0.18692,1.0,489.596,1173.15
0.57695,0.1,342.274,1173.15
0.23279,0.5,189.272,1373.15
0.76492,0.01,59.0322,1423.15
0.47515,0.1,171.17,1273.15
0.80704,1.0,381.618,1173.15
0.5867,1.0,278.0,1273.15
0.41881,0.5,165.71,1423.15
0.85113,0.1,321.762,1173.15
0.78479,0.01,151.34,1223.15
0.8773,0.1,131.782,1323.15
0.69104,0.01,157.698,1223.15
0.46889,0.5,198.916,1373.15
0.40116,0.01,181.046,1223.15
0.86309,0.01,112.956,1273.15
0.25471,0.1,176.908,1273.15
0.75283,1.0,230.292,1323.15
0.167,0.01,92.612,1373.15
0.44886,1.0,209.554,1373.15
0.275,0.1,154.012,1323.15
0.28508,0.5,442.376,1173.15
0.6871,0.5,251.776,1293.15
0.67098,0.1,111.66,1423.15
0.65719,0.5,380.616,1173.15
0.31092,0.01,109.07,1323.15
0.21508,1.0,170.24,1423.15
0.41109,1.0,243.378,1323.15
0.16489,1.0,165.724,1423.15
0.26113,1.0,206.48,1373.15
0.28872,0.5,191.882,1373.15
0.39903,0.01,346.33,1123.15
0.53466,0.1,145.59,1323.15
0.52282,0.01,172.05,1223.15
0.46915,1.0,242.826,1323.15
0.64284,1.0,171.036,1423.15
0.52115,0.01,64.2892,1423.15
0.24718,1.0,483.138,1173.15
0.69099,0.5,326.394,1223.15
0.50734,0.1,356.698,1173.15
0.19535,0.1,153.296,1323.15
0.42316,0.5,196.85,1373.15
0.57096,0.5,275.668,1273.15
0.38322,0.5,521.87,1123.15
0.36078,0.5,528.89,1123.15
0.35309,0.5,530.588,1123.15
0.64104,0.5,328.054,1223.15
0.75908,0.5,254.06,1293.15
0.79701,1.0,199.134,1373.15
0.79682,0.1,323.86,1173.15
0.60299,0.01,61.9572,1423.15
0.36503,0.5,526.172,1123.15
0.53284,1.0,333.5,1223.15
0.57543,0.1,115.15,1423.15
0.22124,0.5,337.926,1223.15
0.72712,1.0,168.926,1423.15
0.64283,0.5,251.48,1293.15
0.46086,0.01,82.766,1373.15
0.3469,0.1,556.176,1123.15
0.7227,1.0,313.998,1223.15
0.24688,0.5,338.428,1223.15
0.46898,1.0,341.65,1223.15
0.61494,0.01,163.55,1223.15
0.3373,0.5,293.054,1273.15
0.90124,0.01,146.018,1223.15
0.40913,0.1,373.352,1173.15
0.22315,0.01,139.422,1273.15
0.57694,0.1,143.736,1323.15
0.51508,0.01,64.6788,1423.15
0.36081,0.5,195.928,1373.15
0.76106,1.0,229.404,1323.15
0.43271,1.0,242.886,1323.15
0.77298,0.01,262.048,1123.15
0.40916,0.5,287.48,1273.15
0.70498,1.0,437.162,1073.15
0.22867,0.5,160.364,1423.15
0.28686,1.0,602.948,1073.15
0.72496,1.0,230.896,1323.15
0.51087,0.5,232.454,1323.15
0.86896,0.01,86.0436,1323.15
0.23113,0.01,314.67,1173.15
0.72283,1.0,169.118,1423.15
0.87493,0.01,249.164,1123.15
0.25716,1.0,239.562,1323.15
0.59307,0.5,198.134,1373.15
0.84387,1.0,227.498,1323.15
0.58921,0.5,252.74,1293.15
0.841,0.5,373.026,1173.15
0.55276,1.0,473.88,1073.15
0.25304,1.0,356.054,1223.15
0.47073,1.0,341.244,1223.15
0.74697,0.1,235.256,1223.15
0.41089,1.0,287.15,1273.15
0.84713,0.01,86.0552,1323.15
0.82704,0.5,162.28,1423.15
0.36298,0.01,182.686,1223.15
0.70709,0.5,456.016,1123.15
0.6149,0.1,474.146,1123.15
0.32708,0.5,227.196,1323.15
0.6948,0.5,251.708,1293.15
0.85496,0.1,437.186,1123.15
0.44314,0.5,337.1,1223.15
0.7129,1.0,231.146,1323.15
0.56909,0.5,392.422,1173.15
0.787,1.0,199.612,1373.15
0.13516,1.0,654.11,1073.15
0.65291,1.0,400.24,1173.15
0.17672,0.5,292.412,1273.15
0.83298,0.01,148.27,1223.15
0.18118,0.5,460.194,1173.15
0.47874,1.0,283.954,1273.15
0.85274,0.01,86.3386,1323.15
0.34902,0.5,431.73,1173.15
0.18509,1.0,233.55,1323.15
0.59299,0.5,469.622,1123.15
0.5289,1.0,333.696,1223.15
0.82284,0.5,325.716,1223.15
0.67677,1.0,396.694,1173.15
0.19914,0.01,408.408,1123.15
0.15088,0.1,163.578,1273.15
0.17308,1.0,491.46,1173.15
0.49475,1.0,175.368,1423.15
0.40918,0.5,261.144,1293.15
0.53543,0.1,349.634,1173.15
0.58546,0.1,162.884,1273.15
0.71489,1.0,436.084,1073.15
0.43078,0.01,83.7022,1373.15
0.1831,0.01,75.0064,1423.15
0.31707,1.0,285.796,1273.15
0.85497,0.01,250.992,1123.15
0.57751,0.1,115.072,1423.15
0.60297,0.1,115.116,1423.15
0.20123,1.0,637.004,1073.15
0.39073,1.0,551.666,1073.15
0.27681,0.01,187.37,1223.15
0.77484,0.1,134.638,1323.15
0.84115,0.1,105.584,1423.15
0.29098,0.1,125.02,1423.15
0.52478,0.01,170.99,1223.15
0.14905,1.0,492.846,1173.15
0.70707,0.1,454.798,1123.15
0.28283,0.1,408.952,1173.15
0.62302,0.5,274.34,1273.15
0.23684,0.5,158.824,1423.15
0.39504,0.5,422.512,1173.15
0.42104,0.5,230.76,1323.15
0.44907,0.1,246.566,1223.15
0.68717,0.01,258.33,1173.15
0.74314,0.1,322.718,1173.15
0.74319,0.5,196.388,1373.15
0.24506,0.5,293.364,1273.15
0.78141,0.5,275.372,1273.15
0.79709,0.5,256.816,1293.15
0.78505,0.01,259.404,1123.15
0.6872,1.0,394.022,1173.15
0.91076,0.01,85.4324,1323.15
0.58279,0.5,330.754,1223.15
0.34117,0.5,339.714,1223.15
0.42896,0.5,416.11,1173.15
0.71876,1.0,435.57,1073.15
0.78497,1.0,382.802,1173.15
0.4269,1.0,447.558,1173.15
0.85138,0.1,105.742,1423.15
0.32881,0.5,266.352,1293.15
0.47487,0.01,102.818,1323.15
0.27697,0.1,125.708,1423.15
0.37119,1.0,459.2,1173.15
0.50309,0.1,356.528,1173.15
0.63082,0.5,385.06,1173.15
0.32304,0.5,339.286,1223.15
0.65881,1.0,234.252,1323.15
0.14695,0.5,335.93,1223.15
0.77486,0.1,442.964,1123.15
0.77283,0.5,256.438,1293.15
0.77328,1.0,310.114,1223.15
0.3948,0.5,289.24,1273.15
0.47254,0.1,246.926,1223.15
0.61514,0.5,272.958,1273.15
0.64302,1.0,401.288,1173.15
0.55506,1.0,473.03,1073.15
0.3111,0.1,153.722,1323.15
0.63926,1.0,235.234,1323.15
0.26684,0.01,74.2686,1423.15
0.80304,1.0,308.864,1223.15
0.35082,0.5,164.542,1423.15
0.60695,1.0,173.944,1423.15
0.42724,0.1,525.524,1123.15
0.48735,0.5,256.258,1293.15
0.81083,1.0,381.092,1173.15
0.42908,0.5,286.548,1273.15
0.5912,0.5,197.772,1373.15
0.53083,0.01,126.512,1273.15
0.23528,1.0,283.476,1273.15
0.82105,0.01,58.8632,1423.15
0.159,0.5,261.586,1293.15
0.87495,0.5,264.486,1293.15
0.71315,0.5,379.354,1173.15
0.52886,0.01,100.1696,1323.15
0.22322,1.0,236.914,1323.15
0.21509,0.5,263.882,1293.15
0.73491,1.0,267.824,1273.15
0.46099,1.0,209.716,1373.15
0.22286,1.0,204.112,1373.15
0.48303,0.01,321.77,1123.15
0.72504,0.01,116.882,1273.15
0.3888,0.5,289.388,1273.15
0.14689,0.01,91.2764,1373.15
0.57314,0.01,270.41,1173.15
0.74697,1.0,168.35,1423.15
0.24302,1.0,282.932,1273.15
0.55651,0.1,116.338,1423.15
0.61695,0.01,287.94,1123.15
0.259,0.5,224.126,1323.15
0.55295,0.01,169.054,1223.15
0.23496,0.1,153.392,1323.15
0.42094,0.1,529.14,1123.15
0.47887,0.01,102.56,1323.15
0.77678,0.01,252.568,1173.15
0.84294,0.01,58.8286,1423.15
0.29516,0.5,162.482,1423.15
0.73307,0.5,163.316,1423.15
0.35881,0.01,87.9816,1373.15
0.52877,1.0,240.736,1323.15
0.82897,0.01,114.176,1273.15
0.56113,0.5,168.53,1423.15
0.69909,0.01,256.28,1173.15
0.69311,0.5,326.184,1223.15
0.61285,0.5,386.714,1173.15
0.71909,1.0,390.32,1173.15
0.44906,0.01,83.4838,1373.15
0.47693,1.0,339.816,1223.15
0.20925,1.0,281.966,1273.15
0.78482,0.01,252.004,1173.15
0.28896,0.1,176.328,1273.15
0.16306,1.0,232.28,1323.15
0.42309,0.01,339.444,1123.15
0.27103,0.1,257.424,1223.15
0.55677,1.0,173.936,1423.15
0.50686,1.0,492.41,1073.15
0.76694,1.0,229.192,1323.15
0.68108,0.01,274.804,1123.15
0.76273,0.1,108.268,1423.15
0.46488,0.01,326.05,1123.15
0.44293,0.01,178.194,1223.15
0.25095,0.01,141.102,1273.15
0.1591,0.01,137.156,1273.15
0.21891,0.5,219.874,1323.15
0.85656,0.5,263.182,1293.15
0.84709,0.1,145.918,1273.15
0.28319,0.01,381.952,1123.15
0.63687,0.5,230.838,1323.15
0.37731,0.1,173.934,1273.15
0.56757,0.1,165.184,1273.15
0.2012,0.01,187.004,1223.15
0.64923,0.1,238.076,1223.15
0.40105,1.0,211.16,1373.15
0.37309,0.1,151.524,1323.15
0.75297,0.01,116.578,1273.15
0.86088,0.5,194.128,1373.15
0.22295,0.1,153.756,1323.15
0.3233,0.5,267.51,1293.15
0.47323,0.01,82.2994,1373.15
0.80865,0.5,325.974,1223.15
0.49304,0.5,255.266,1293.15
0.47918,0.01,175.134,1223.15
0.39875,0.1,249.598,1223.15
0.72907,0.1,236.04,1223.15
0.61899,0.1,334.086,1173.15
0.27279,0.01,384.526,1123.15
0.40704,1.0,450.996,1173.15
0.58086,1.0,413.41,1173.15
0.147,0.01,135.348,1273.15
0.16091,0.5,292.538,1273.15
0.77273,0.01,152.244,1223.15
0.87117,0.01,246.19,1173.15
0.55077,1.0,420.4,1173.15
0.54326,1.0,174.136,1423.15
0.29678,0.5,546.004,1123.15
0.32296,1.0,286.67,1273.15
0.18708,1.0,643.194,1073.15
0.12694,0.1,596.79,1123.15
0.37296,1.0,210.852,1373.15
0.68276,0.5,327.438,1223.15
0.71515,0.5,250.47,1293.15
0.47724,0.01,283.214,1173.15
0.60893,0.01,289.67,1123.15
0.3973,0.5,230.742,1323.15
0.73313,0.5,253.102,1293.15
0.3051,0.01,372.958,1123.15
0.38108,1.0,243.152,1323.15
0.25705,0.5,191.066,1373.15
0.69515,1.0,437.928,1073.15
0.40898,0.1,250.968,1223.15
0.5749,0.5,332.674,1223.15
0.89906,0.01,245.022,1173.15
0.17512,1.0,233.676,1323.15
0.55727,1.0,239.66,1323.15
0.48721,1.0,338.11,1223.15
0.72908,0.1,450.136,1123.15
0.82292,0.01,69.1066,1373.15
0.26904,0.5,190.098,1373.15
0.33289,0.01,366.92,1123.15
0.23323,0.5,451.888,1173.15
0.66502,0.01,92.7914,1323.15
0.62305,1.0,272.716,1273.15
0.82319,0.5,160.55,1423.15
0.79875,1.0,308.816,1223.15
0.67081,0.01,60.7572,1423.15
0.61506,0.1,113.384,1423.15
0.73308,0.5,272.844,1273.15
0.72478,0.01,60.3218,1423.15
0.57289,1.0,467.312,1073.15
0.15481,1.0,231.228,1323.15
0.65101,0.1,465.344,1123.15
0.60663,0.1,141.756,1323.15
0.87117,0.1,132.518,1323.15
0.15094,0.01,106.862,1323.15
0.42691,0.5,286.794,1273.15
0.64262,0.5,197.052,1373.15
0.73707,0.5,228.874,1323.15
